8406
69024 68447
76614 90811
371 80023
59507 44537
30903 39396
82447 77375
1657 96968
28250 84406
26913 43610
57715 87762
37526 6665
86353 46418
24002 49288
72688 52531
28947 53654
11128 99310
41248 63886
51940 41190
67233 83726
71675 77497
34394 65978
89931 6057
42425 13314
9774 72985
4461 68872
72746 4951
94373 41895
54931 2791
33463 4913
79004 91877
66424 93967
21951 43066
37248 1965
61489 20765
34958 44626
79385 53202
39270 12277
57844 17384
18426 32399
57971 38288
54582 63088
44555 29411
56362 47202
70769 20031
46022 40727
37838 85435
4831 58076
90557 8784
98905 20996
29328 75796
31903 55621
9734 67800
52502 49467
70300 89500
76615 41076
32363 83704
68639 63538
55384 28958
86039 41769
15925 82993
19540 40236
32520 31810
6278 91983
96126 89478
53193 56584
52115 71636
18875 75747
80809 87257
66748 78372
89664 55401
58092 67390
966 83065
92837 23476
13002 79285
21079 86520
53133 24995
82005 51024
62066 78168
789 48679
63510 64977
6893 87624
95765 10007
16144 74965
60316 62529
10351 51250
62364 72781
17063 61957
90320 32331
18787 79072
52620 67320
44657 20430
80743 97737
88434 77050
56243 10914
86773 91805
92790 53532
78318 9706
93822 11000
56801 57417
74820 31110
93591 60853
72449 16952
45127 80281
4825 79424
59975 99970
97023 58733
94967 50623
10847 44138
36951 7876
70595 70599
80027 23983
21635 91762
41062 48805
93153 60592
57907 44330
24554 40313
53795 43669
49721 85768
31139 15464
2422 93255
88687 9017
88060 17995
36730 90814
2494 68307
70386 98216
66639 12561
86802 95413
95788 27468
6984 62858
59660 43076
72018 71503
55904 24213
17123 50150
41191 88516
21428 75541
92641 1832
54549 1892
15346 35803
13953 31517
96531 65001
36282 72704
87798 19344
30505 29344
92400 8930
65802 25752
31007 64620
19795 75300
49419 25423
79705 33259
23777 78493
7693 49417
16029 28271
64788 50922
68018 26971
91207 12103
65059 87265
62297 20648
72051 62109
80979 48360
11323 67591
40571 71193
89626 55154
30704 54210
14640 38839
98198 97643
67467 15569
30476 36571
81021 16381
40065 74369
18316 46455
68605 8224
74702 69064
59929 43605
42624 62793
54337 73343
56294 30905
63440 43473
85790 82365
84608 13045
65021 36851
90076 44630
85426 92270
39217 77388
82662 59186
33103 59509
6699 96463
92297 68875
88998 94812
49085 87920
66904 3014
2473 66834
41495 27764
80622 75985
86773 56712
15825 28993
63697 11540
64715 59756
92015 9402
91350 6042
52091 31852
40415 55707
79111 5769
62312 55811
72270 54215
15368 88121
34731 28962
63123 25991
53143 34231
86386 8280
51941 59591
16085 47304
92241 91657
20114 73612
89961 3936
72651 64374
24872 56720
38678 40726
95103 49068
49113 56142
92540 37493
15952 36317
3423 51929
83637 91286
96507 45194
29722 33348
91029 19962
38352 59049
16988 60729
60935 58313
65924 86875
41912 23590
95045 83179
59219 49672
5287 74363
531 94448
58910 8744
34936 82111
26017 72325
46337 54722
65050 48920
79282 41080
34775 89446
40147 41452
60818 46844
85999 52743
6050 67086
55422 90246
39002 75862
18775 51196
72775 97152
42536 58870
11836 79438
96210 62345
34051 35026
5778 61251
42679 39375
44133 31269
37218 94154
78678 94428
22368 27775
95870 9312
65501 24634
87850 27740
74202 82845
46104 63652
66733 34895
75720 62238
78930 13213
78569 87218
92253 68813
89964 19945
87825 71232
74198 20326
16980 71791
44451 53830
29780 34686
53861 56926
94849 5935
73039 12588
80216 84632
89620 34158
97962 99860
10392 36435
37615 6540
98831 74594
65601 67671
40744 15646
79312 984
94102 29192
96409 43926
67917 92265
77159 87469
96527 28308
28097 44081
56108 13748
78111 92687
96802 13974
49820 67669
55417 15497
92222 37339
57779 6581
73508 98526
49271 80993
41808 37033
19227 57499
44917 8750
46239 7621
80648 65089
87023 41701
11683 90481
40054 14025
74876 77551
75687 54782
22544 85250
70886 68446
93900 10638
71671 21892
98912 60097
18232 42140
90136 3713
73994 85928
40342 55262
51685 78478
38834 99035
66391 30873
61587 71281
1686 49140
64230 54914
89799 13646
30683 8326
2532 64581
65782 61131
12455 78230
3124 90670
28873 40194
54186 19760
7486 50165
26713 21833
94457 97484
21109 67136
16007 49600
56664 8398
93351 87810
45888 23668
30225 60687
65734 22361
58777 97123
85539 58323
27820 43196
27673 76957
75490 56127
36019 73866
57407 2593
37187 16166
1843 97275
50078 21425
48497 92122
5133 43201
40289 45957
93198 26775
31895 62924
82270 3893
87011 90109
67601 27054
56492 52709
16486 43897
36124 73183
65681 2459
65000 93091
60226 97054
84477 23056
3851 94559
95291 11137
12604 52394
74041 44384
55077 14923
40677 99256
41198 34223
78724 73996
95198 96177
5030 41416
63057 51375
41354 32297
50663 62260
15754 43962
606 63031
52889 5874
37722 36876
56007 40120
56912 17287
27390 51634
21234 32191
30678 40713
50207 18786
72470 7095
52249 6505
71729 69885
64284 32349
92569 74336
73588 96554
22241 30188
73068 58271
56461 45166
44595 3139
59117 50890
22524 23977
97384 1685
26652 71332
49916 74568
46542 88042
37001 76134
4521 53727
79900 37264
39810 6766
98237 75777
4886 87596
5518 81309
78726 49127
95359 2695
73489 50093
29923 20268
68817 36513
66685 69090
72975 79769
48183 27831
75190 17399
52139 68047
12384 57423
31514 89871
92352 39980
9132 61624
21799 25116
43391 24473
63655 90246
23785 19394
27446 45291
83821 73911
38709 73255
28377 14315
93335 89965
99216 21143
94539 34422
44596 48706
21990 68342
31435 6786
50663 62258
87457 69227
66707 62119
27253 17290
9905 71070
3239 75426
98232 54288
4415 49570
89822 19753
63274 59555
50980 634
46370 88922
1619 76601
45801 29662
99409 84488
93358 39976
49558 89465
20350 63995
21177 82535
70581 98859
63734 42640
64639 20817
89889 95242
49766 27592
98770 96565
94189 82573
68401 5354
90702 67268
56509 33585
75199 37884
39535 73717
67295 69666
53076 89486
90123 45625
38670 24711
32513 10143
71686 27124
64320 51555
85625 87444
98475 34530
97906 83972
51638 79797
10220 85715
27010 61237
43360 25132
87491 59362
42959 31458
91068 36724
30902 21089
55437 40433
31429 18517
33574 39195
83011 19717
61147 21692
8162 40194
79557 9258
79869 94138
36421 42131
34148 17054
57773 28129
52503 40103
69969 20109
85755 93959
58447 71702
56640 80118
98492 42784
53093 18492
73669 55434
99891 10322
17763 78380
90335 94163
61971 92547
41995 76776
19789 53068
87862 89502
83558 87707
70283 44243
59146 48579
75738 33557
48515 83340
65198 96812
78559 58749
36162 64222
92645 12976
96837 63257
92302 91531
44445 77651
56066 18483
21148 87796
65572 72937
34500 88950
99802 28405
83109 18823
76140 9643
82562 95790
60721 84857
16839 41077
18248 41502
68739 9430
7328 60142
47340 48821
56582 19913
37282 37093
63126 73057
8844 37136
42670 2947
70665 80046
64225 21363
87883 80098
38767 27705
32572 89092
23070 97208
49373 57631
10717 91730
38256 21330
38859 62222
39169 25267
38796 15397
40776 29447
51985 20217
990 74639
43662 16775
95362 76587
39448 6299
42475 25458
41259 1084
22453 26146
7262 75350
65596 22657
42343 6201
24202 62812
70049 66672
48583 24460
87446 81303
1513 64845
36274 27211
62311 54577
63964 68890
11344 60082
26108 78457
5165 81848
48219 62032
81174 30664
63808 54919
67273 32902
97825 62290
79474 51837
86805 59273
58580 23721
13433 33515
49769 4037
14028 63730
44787 22701
53595 65911
55378 53396
26840 66456
42790 89340
65544 46436
42503 80633
6340 81386
57870 28968
73410 52838
94384 83005
75421 73662
61685 41742
37433 19218
69364 35607
80737 3329
33157 60350
44904 52577
56371 13760
80249 62327
63622 50119
79021 68144
82997 60019
84252 79276
44189 57108
24345 71693
58455 66877
29313 27713
27120 59157
66922 42533
39815 53011
2923 79827
76407 27986
2361 58542
75277 67387
33751 22372
79508 45878
81946 67367
70501 63232
77780 81353
24864 26939
43803 94600
37100 84132
59671 35586
48519 94428
89670 78085
97698 64530
90770 99090
50951 10780
94912 98099
40913 46634
5840 62286
35242 98437
82010 33012
13535 99616
8392 91134
87855 27280
6540 83381
94434 94562
7490 65020
60205 87082
22984 82152
89925 67327
10483 97244
46103 66953
48181 47422
97157 72670
36046 36154
51569 86265
36159 96488
18031 76687
38357 53618
54710 87980
48444 80484
74681 11604
32196 93855
39198 60773
64891 41713
11392 34374
60202 34665
6085 84610
38569 77147
9840 39298
65014 66828
37676 4927
14715 51621
17876 89612
86057 57797
62099 40083
2685 97244
322 80455
60018 87492
59204 35245
50563 57306
51666 20703
45537 39878
10680 77232
42907 35733
23554 39093
77276 46752
36914 56605
37838 19682
56195 81797
26534 66632
56220 66203
26302 76074
48692 30437
84538 5584
88643 10146
67248 14531
52102 33445
26796 63907
57375 77796
79094 99698
61064 17666
80736 52117
78112 91820
5305 46432
58720 45389
80800 72014
70129 2598
77837 56573
77525 57745
71386 85101
67052 36070
73237 84474
64977 55697
85820 95818
97297 30303
20934 85123
71524 11821
91431 63104
95948 22151
39538 83816
73676 88127
19092 58885
20046 62515
54346 43648
18471 88576
67238 74445
91514 38513
34383 53240
49729 4307
99933 96157
58914 62073
43753 44504
14547 90883
66845 86184
35075 54531
1109 45448
40992 76793
21798 88743
32423 81800
69484 17973
48167 30795
38162 90959
39689 99219
9845 44711
72309 84951
13628 58149
82689 92914
95094 14786
72060 52499
92370 11138
30488 41652
45239 27336
89504 33487
99776 59421
95175 2562
48266 32550
82460 75041
51683 69247
12439 33744
11236 55382
42351 77344
43360 40820
58755 11739
71988 70276
27063 83553
64305 81932
69630 69062
75958 27280
82543 9420
63171 82862
76152 96598
47256 37954
36379 3790
44156 48100
8865 58822
76632 56366
68868 64893
64463 27415
32972 76631
32219 43167
93061 22814
62718 18706
90480 99957
5396 83743
59032 11693
69388 24482
39277 98346
68306 65168
36352 112
97092 1205
7189 83056
71439 58496
89971 47495
91754 84852
78874 41270
52836 93998
15830 57023
74122 45279
96076 15022
164 91641
47592 87841
42846 69889
33597 68766
69644 63197
70485 55270
33700 36536
77882 14891
32915 12871
20710 91475
12867 86318
58620 98085
43285 45741
56746 1459
34468 67895
80707 45814
97907 65866
394 63675
18266 71522
34552 32269
7531 94066
77914 83670
59511 94647
22361 87779
85296 62156
70262 2211
76118 93855
50478 82750
48557 73775
77895 85050
83224 73295
57632 90195
81045 18819
98721 93110
86943 86491
2036 50186
29785 41303
47105 64825
90438 26713
622 89409
27066 57250
85586 30689
3752 92755
14955 96973
11139 83752
80833 69074
69667 17478
89196 75402
97877 11025
36168 27552
56130 70764
63122 62237
52602 45471
47184 69404
52412 6142
6102 66872
99713 64150
32588 63728
69842 23388
54329 1749
47558 66032
19966 76114
76859 88624
98030 53974
91499 9750
30322 25770
31072 30366
56732 2686
74263 32250
29061 86836
75483 79608
85523 56168
61635 52901
23383 82749
31907 26697
60278 57574
36067 40378
95508 63355
86625 63205
16385 91761
53721 30358
68663 19328
48590 21984
34395 38829
98856 22255
18232 73164
87965 88484
37202 49435
27355 25720
78321 33592
17108 30544
80124 55066
72247 42255
28593 99962
53277 50874
64533 25563
80450 43899
94841 8890
62416 57392
91020 3539
78802 49192
30308 11481
38959 78021
82022 53099
37715 14947
94017 41601
73601 26961
53512 20131
35242 41283
75153 13986
75280 11827
41589 17442
93474 86607
87277 54475
838 90594
670 66120
4089 53367
83050 98910
12516 34339
65473 91527
56390 72150
97386 54551
92753 13486
82002 66316
62563 16876
48315 96586
62705 76019
35676 10628
1890 97831
62695 640
79327 44253
93454 19425
7897 66782
87666 56868
92038 6285
14772 55250
26504 84633
30921 55450
92940 47229
67205 96087
89408 40575
44996 1896
10331 36568
37429 30097
9942 57693
96307 52285
41108 10750
59433 87250
94531 58720
72982 95912
61518 34147
69837 60967
34514 73427
75887 92354
75107 19910
5286 97281
29961 30682
97615 75484
8604 92205
42291 33837
54204 70921
49459 37260
86399 856
6344 91359
48389 57631
54615 53662
47306 62639
23293 26439
78200 91032
45141 90391
47962 52006
58615 23147
64806 5085
23339 80129
76446 2693
12037 41689
42817 99417
10566 97066
90968 46697
15071 33466
93843 43754
36845 42659
51865 10235
85721 84785
2994 68283
92026 49204
2889 80816
38375 5184
41308 50299
58058 24929
52179 27693
76456 42099
96781 9115
42705 80815
85529 97647
36708 5382
52575 46518
80373 11015
72470 44917
76051 625
5630 87975
83925 32937
88258 17279
79586 64492
43512 25062
70250 57711
83739 84931
86098 51439
2428 97460
72640 32681
9534 77244
79833 91328
60653 70465
70641 78962
16211 49268
29512 94495
58289 11555
64776 67938
36022 48706
63404 43898
965 92523
3013 90269
97409 32744
67681 26624
65966 57343
11181 95135
44761 59506
91671 88565
95912 96853
35103 12002
98366 18805
30672 77545
38139 13032
53397 98684
66810 51623
32716 49053
4715 91122
77124 1715
77905 95274
28723 52778
37553 37
12526 63719
14785 60387
63833 53634
407 99518
65745 26159
35863 65295
27035 81960
87384 67469
38988 76892
50457 91072
96862 28301
77633 29448
30532 36893
65157 4029
21121 23752
27289 14655
93633 9012
16888 71697
62168 84595
62810 56116
14457 55822
57775 3481
18757 95602
11742 38469
20307 73291
28006 76379
83454 22082
49791 26960
79377 53970
85507 3375
60820 5918
14750 82398
97567 96068
34236 82081
27024 34172
24639 99327
79449 3821
42077 79120
32330 44597
78466 28322
98974 98933
40886 81106
83641 52891
92259 51355
88188 43120
12650 47631
44865 48838
78671 72164
65749 7171
69182 35382
90553 81914
5766 66938
38842 20286
58948 33476
48814 16625
51073 64289
51122 65652
14851 47437
60501 8146
99392 56002
81071 81198
51286 82913
58170 11781
86041 59998
30491 59705
24336 36998
90897 66242
34035 15330
99561 76983
54319 87165
40522 82206
31442 50159
65817 42896
86012 85334
96563 43525
80691 44704
85091 36867
57401 78970
98577 75404
3942 72660
29965 91021
87869 29114
88252 51166
25635 54596
57479 30014
46711 74609
94982 27025
75443 38616
91350 58221
35842 48323
66468 50812
45739 49818
27539 28156
29763 91742
57182 90253
93705 21446
20112 50850
31142 65618
70697 80281
27202 16890
42888 38575
41671 41812
71640 79031
46698 62819
56185 11438
74163 62426
65279 65490
38680 408
51668 42456
17842 32413
17187 47467
61408 7483
15333 36501
4772 98804
41615 73759
56580 21337
89328 25670
65710 6844
27048 95093
92655 48157
40451 17837
61130 26461
52013 63925
84188 51055
23273 81772
7340 39825
92202 79787
65191 61451
44246 49320
94367 59498
14238 36876
89756 64747
48673 72490
46070 34677
9001 44087
85829 30931
71495 92484
10527 46114
82813 97345
85730 53085
99396 38139
74782 62563
62481 48836
60010 66641
93701 28390
84827 15701
12402 40971
47478 5079
41039 35882
78330 51596
32695 26917
83414 48191
31064 87578
28840 79385
6890 80726
32179 83687
38413 3199
89684 33444
20801 76887
51095 17610
25439 50311
45601 55254
31142 69153
51453 73494
55604 91131
16835 77311
54987 15763
27040 56959
12662 42629
84962 74675
16229 33981
64904 60332
59913 73847
31992 17998
71591 11992
16956 67643
51137 59450
44898 71537
82975 7769
6899 64569
63912 13220
34628 23461
94800 98578
66787 76588
49186 88170
53538 43449
74218 10900
27425 37147
22318 95245
18162 61057
39338 29517
801 49839
52774 11623
22389 44944
35691 82956
91618 54132
74677 37332
59077 74030
16950 99146
87764 98639
70311 35232
34321 59426
92290 9354
22397 55883
70392 25591
4307 45521
63663 94335
88065 46816
73696 4466
70789 38026
50346 45403
225 51124
72489 7919
50906 67337
33981 72310
51023 84927
50551 65902
42435 74980
78326 72829
16569 97510
91634 21215
14688 34243
47676 55976
48944 69647
77022 74699
22986 84914
45147 54871
74243 52856
5604 59495
5985 45814
56572 34481
67609 24566
25469 31816
26629 40876
96512 53075
62422 4979
63342 60320
10001 93322
22046 49287
80450 43520
64267 19348
57032 35769
34977 41688
30268 56671
13305 36258
20034 25623
49367 22484
35021 66697
70747 87289
95526 97708
80846 92298
60535 47657
6322 79610
90530 99892
21672 72695
42772 23849
76555 19572
67922 79939
7532 74811
52657 1867
54186 89457
33341 94632
54147 50769
96050 20853
99003 2677
35728 9620
5058 88265
7444 48912
30478 23896
83267 87478
87128 20732
44536 18465
24435 89050
75538 39841
49288 20595
31696 90199
50859 9723
7043 50973
62645 17309
26755 19098
75566 67464
2602 94121
25229 40841
60036 18677
36870 94198
97960 44278
53408 3493
62154 59892
83127 19444
53015 91364
72664 94969
20060 32805
96262 17384
60449 77658
86784 65751
59497 7458
50880 6946
53511 48202
79866 44601
24516 80381
28942 46428
16246 63210
70793 45880
47744 86879
52221 57413
67574 66179
74561 57989
66107 43174
97328 29863
43944 85250
70800 97721
20883 91780
94443 99788
37550 64874
93112 81596
34160 36150
51874 67188
37062 90621
47407 13520
18809 71995
6074 43251
30969 74983
66290 81501
35024 49863
97668 57578
89274 46690
95229 55301
57907 38962
69890 84417
84564 12879
38595 79451
92651 96363
12190 61772
25378 97636
12169 70797
40214 50260
94470 89849
42849 29596
23012 72076
87101 27438
88939 49641
10748 95184
41404 99458
88196 93523
96186 14899
45294 92662
11379 38541
36289 44363
61531 55096
19371 99323
48430 57534
40099 87380
97961 25547
90705 34846
53952 24780
39025 49612
43926 68984
51242 73713
87392 45638
77265 18424
51245 64539
40188 20974
79913 72233
89900 79461
87580 30079
62561 70451
36168 28075
63861 44371
15640 87551
6475 96988
92012 75547
89483 48138
87990 76930
19561 43410
77722 61998
75421 95205
29241 30880
44575 26431
62137 68395
21025 40620
64271 7874
21453 91334
47739 23463
23037 73046
86356 72139
42319 73952
70965 18054
62993 72211
33364 46341
82229 35777
12789 75034
35363 35936
75999 16434
96352 12945
51774 93874
29318 28971
345 57477
42735 45871
89059 5251
47768 3717
29546 49704
62343 44085
42581 7783
93033 98072
79406 32450
45197 40482
63063 86782
43919 13532
29062 71003
99791 35928
77020 25443
72560 38658
22063 44695
4166 97897
37804 36024
19940 91784
49586 80910
73821 71790
42322 17063
92232 89283
85006 71207
48416 47166
54385 74248
56750 73455
46709 70
28204 11434
2224 77469
43384 99366
67799 66292
64416 28143
18543 56679
14436 69613
55030 88050
57491 72433
21635 88514
26668 80202
73216 96109
73969 82195
9963 40322
97146 91045
25433 28039
86208 38742
46085 82941
70270 73068
43635 93665
87257 9493
85968 83681
51825 23566
90070 78864
44522 11506
13019 80513
11414 37840
48068 7116
65103 12329
71620 93668
66450 36556
87277 77681
34229 67963
31804 64570
71836 12981
34904 93298
94725 86941
95323 20454
96280 74721
77935 96021
89114 83877
95012 7872
85874 34265
16399 57800
75841 62303
22861 47307
14913 66061
97048 13083
57063 56165
60284 40797
92979 19817
98867 77287
17942 49584
86446 49294
65737 61784
55102 40086
44320 15874
43750 66208
49120 9298
44991 42084
57768 49674
65489 64202
37258 32441
55185 68092
29796 85180
66835 72622
57514 73475
19100 31916
47793 1557
49185 28706
6759 62285
71554 42442
79526 17482
74995 15727
52313 94623
52298 34945
92372 62277
62460 27258
61776 67560
91304 45864
39306 51287
24375 37008
30468 52840
46507 65642
44953 68752
9663 64153
13391 51486
83635 83736
70045 39344
73416 94314
29663 92065
25376 20527
26600 18827
70577 86149
24670 64555
67801 94392
34051 20958
58148 66460
87923 86458
5008 41737
79471 33862
25753 45596
73990 49841
27455 57387
4216 73596
20133 29884
24934 60413
23874 99537
49147 48510
81255 75893
62004 16743
33621 37550
29636 11040
80754 52529
52108 86336
21863 56287
50703 11779
33985 96071
56111 87875
58513 8980
88877 94165
34938 93192
72804 31599
42468 45874
1878 46077
3148 77956
24746 82071
21516 59611
5906 57830
12840 73813
72005 99159
29537 75764
76798 17152
9319 61771
83704 30515
49370 42768
82391 88522
89806 29769
91908 92195
67438 72510
24061 29004
94605 86235
9901 67065
73932 18248
32933 81634
32675 40555
49490 24002
26531 90176
90435 31312
59154 47081
80901 24307
73470 49491
72954 64399
45151 59407
77167 36783
23000 91145
49833 19766
35763 52140
72030 43598
84645 65920
76176 2101
95380 19255
97952 83807
33852 38195
65353 22245
74688 44230
18549 35608
83292 78403
78089 21732
76341 55010
65579 8563
19052 89779
73548 66774
85768 67602
80635 10079
49918 8368
51253 43189
58429 59391
8884 98819
36880 36206
12981 96059
96104 27706
8983 40003
73069 95564
16161 31635
66964 55900
23178 93028
15132 47386
7298 66835
863 79799
5452 42651
62512 33288
24643 44995
2809 73579
43352 33736
73125 47051
41444 47473
22869 66530
91182 31201
87829 3620
65598 37998
20709 31218
95315 52726
92962 15367
56520 90636
46122 23545
24614 69256
22262 86815
66928 88488
30857 91724
73601 23572
37244 43342
84925 11522
68951 31134
57034 90982
11521 89800
44883 32948
80956 59028
9732 69376
47552 90718
44694 48997
79440 4490
47311 99217
78030 92983
79939 33195
10359 80044
52805 54240
56556 60808
47361 29983
26785 61486
88820 56198
94087 70728
98673 62061
93332 73754
45220 88635
94703 51781
97993 50861
54992 11331
68850 5735
70922 25456
73680 87447
38337 69456
96820 61807
70414 31505
22765 52179
9680 78001
78482 97909
80311 99269
2902 49018
99439 53026
55326 1525
16285 39327
65108 50488
15800 74486
25471 16985
4546 66653
74720 50584
89084 4230
35019 59314
75614 30213
64845 43415
46812 5568
88340 53403
52645 21071
71843 84106
27221 66475
15720 34612
78248 84524
61713 73746
6922 51860
1756 59324
70097 39389
37398 53594
36363 27416
87968 22334
65115 56284
25951 24969
2821 61540
64013 8951
87200 87394
99539 14576
42966 24739
99055 67383
98937 69505
83900 70493
80126 5064
30660 51173
55013 76500
27123 97607
57618 86495
44532 83991
66425 81129
30029 42315
64855 90275
44894 93620
11864 80988
69349 7542
79227 46397
58024 60112
78365 2308
80339 14676
69201 99672
74547 45078
65195 5997
44856 5054
47454 40207
51187 13740
17980 92341
36633 82743
11285 73408
73572 99703
96341 57380
55580 35787
28065 86859
58875 85137
98772 54474
89539 19289
26567 37660
88870 4809
93029 89528
83536 77321
12064 37836
89212 55351
96063 35949
25515 60516
67337 70803
34903 49697
5575 99232
98920 69979
69446 13439
53008 98882
85868 35845
75585 23869
52693 16182
74354 26188
42018 42392
69039 38299
12967 37468
80611 75218
16283 80056
43809 22028
85969 30362
63064 84687
41171 22866
91022 78007
82648 39035
34470 48834
86670 58795
27146 31755
30011 46288
69315 19549
16326 97111
46708 54397
21900 76337
65000 13492
99590 72675
68689 57744
31600 26839
66259 77884
41532 42358
9481 36023
11074 88977
39245 88418
93102 16050
61967 28165
83591 67410
52098 64851
36945 95099
98148 42210
36783 48143
2686 62900
30631 39240
90089 44999
33429 7649
55044 12898
25076 61597
70575 13670
90006 31685
6073 79501
20824 85128
3583 77380
33613 59810
81042 83473
19029 74782
91338 69881
23117 44801
63502 65929
19911 94155
31225 99792
44985 67813
24261 85841
89770 44455
18634 47595
33348 56013
99167 30277
97138 43820
75931 89686
25963 33841
64724 31035
52837 42740
73807 84055
58021 10953
75262 67189
46669 31120
40104 19496
34618 88797
51483 91207
97235 52851
7796 64926
92286 38406
43302 14269
99885 24655
34219 20861
44527 61498
32528 43903
36217 40767
45330 717
4952 72389
8587 63946
65751 40620
47282 92254
87757 80630
84520 23604
79048 93958
20934 54401
32697 23769
37213 89609
12858 90558
66826 66127
20287 90168
52506 27385
7412 90831
84457 60257
26408 45523
19813 46867
85850 10454
27564 94784
60492 89162
5197 51720
87649 83724
9662 88577
67533 41962
23471 88954
3021 96815
33732 62906
32110 33862
98366 92269
72731 98747
94258 13155
37042 49452
76545 93932
81109 44966
15121 98917
51490 39812
24091 96340
41637 81396
55346 67241
35601 69554
97749 95589
93616 25775
56385 24117
73551 84210
77665 94193
66846 6243
37970 29844
50307 77385
14140 66009
93048 53567
77529 77003
47030 78203
75659 1030
29123 27835
22619 44304
11167 49414
72072 6136
11833 98918
5825 72413
12837 71199
77493 93561
43228 58034
41965 8908
89258 89610
33834 41928
68018 79207
34110 66327
8128 47543
50894 78152
93158 61848
73582 80841
55974 79193
47263 16408
328 81496
70625 14421
74026 60816
26273 88985
7632 49280
77161 62418
76123 52987
16447 36162
72825 14901
65730 85620
81236 59641
68647 65661
74554 72744
96818 46052
39971 13781
46875 43813
60904 70904
67003 73164
6991 72463
73616 32362
35425 39977
56143 71104
8417 95853
83669 5327
74442 33930
6515 85847
45992 26542
63329 93610
28657 91412
98458 36284
22228 48448
78220 85208
95631 77211
46114 62756
96464 74921
84972 82654
78990 9749
83213 33945
53720 75152
58137 27683
76443 12888
81256 29439
63601 21287
21525 45523
83426 99631
63185 99112
49668 75546
75960 91431
26647 48793
95866 91948
49676 84750
2279 73138
79320 8702
51542 17325
89062 63107
96605 92160
66796 47510
72997 52824
92875 45476
43868 52539
2094 45357
84309 89871
40448 42080
56138 768
63454 98146
30210 28140
72107 56638
85971 56614
51708 89161
64604 72509
12230 64091
60765 89254
46022 2553
17834 38969
34768 90948
41750 60705
81974 34102
57725 32957
76953 31609
80360 89813
92710 44311
94767 92373
64193 92099
53826 99204
48013 51641
42177 99046
66961 16873
27561 55547
23126 19201
29836 62078
40346 13828
56172 7913
90491 38554
22916 95206
41814 5760
23577 63991
84327 40732
50825 4839
62245 29725
45061 89048
7607 96262
74828 69088
77342 63042
80949 63507
13155 70459
40983 8284
23889 38657
23095 73285
42520 30070
23395 96831
83599 62785
30508 60521
17118 88872
76259 68631
25286 93027
89537 62500
10633 66737
21562 54305
2608 73616
61202 30221
71743 20116
94336 89599
36611 81494
84064 78532
48051 24697
59111 60941
49493 21855
52786 50432
29354 94565
54045 80144
59209 64679
7795 95641
58922 14835
54432 87329
98245 35421
48706 93202
40680 73761
51947 83606
49818 73083
31556 64561
6732 54188
91934 23466
90794 65281
18494 40354
21585 23167
35873 68923
96230 14534
45667 4450
96398 71573
61973 6067
42283 78130
35717 60538
65118 72029
39145 3294
30186 80753
2676 91630
38845 43577
97305 93962
32478 67905
67850 85867
69885 13406
92129 50647
53759 74484
99959 92285
22237 73479
78224 94797
93078 26883
75741 57342
47916 42029
52279 62950
90664 50132
12050 97586
3102 95720
97106 19282
18608 43818
3989 71155
74636 76846
41823 5779
24935 83532
35610 65456
33288 25133
42231 79816
65167 70458
72436 49765
95131 3547
64724 80353
86714 99525
76269 69392
50638 74760
75596 29243
25813 86153
29711 62841
31926 29166
25389 30926
36757 43753
61405 90858
29144 41191
58201 3555
99040 74325
67859 93140
35949 20060
26821 91252
94275 92786
19282 70095
91122 43538
71453 1360
67624 82424
26305 69325
84394 56038
43991 35649
29517 17943
78515 93612
16542 33312
86200 8167
83601 47100
64282 92609
49824 90319
38612 8346
73256 36513
27355 26652
61886 65421
6634 59673
40122 84714
71736 19083
56461 95892
97293 20201
44409 15919
33474 50448
63930 63848
43472 33066
79596 28305
37860 26309
35711 50709
69578 77743
46973 88305
92727 9873
67742 65205
37326 85678
67936 3885
94918 28135
60346 30476
83208 14965
60738 61363
38478 68494
85452 69976
86077 13692
61490 98967
57076 17409
78673 91131
65932 97411
84451 50433
85710 83878
93487 6852
43754 71280
54130 32469
21699 67966
40823 33668
27071 63484
60111 77333
66517 18888
92837 85647
34961 16055
9709 85240
71599 62013
94716 12290
9219 85699
81353 11109
5311 53952
61559 74499
85748 93885
32950 19150
51898 97089
97914 33499
17712 54611
17599 71940
61808 58598
56741 26641
52100 61165
78488 2082
80017 57847
39684 70015
58917 52512
65125 5754
67669 36251
33274 22107
92970 55803
91012 14199
61469 25477
88105 238
8829 41983
51982 67573
26088 42230
70294 83293
79320 49249
58217 38144
92042 53551
15578 87480
230 72927
72946 33937
72165 47653
54402 19377
68810 1844
66748 8384
50898 39061
72598 61161
43686 67842
44024 32571
94335 42078
37290 27630
88460 48609
77621 52271
73202 24102
91708 27041
23891 40823
77498 40163
536 61600
97757 63602
8823 92561
76504 48424
3733 55996
58433 16164
42725 55117
10906 55930
70246 77658
57960 22609
59823 52064
8050 98611
99090 2698
28709 77194
77020 55972
36811 69942
5271 85363
42004 76776
7296 79975
11430 56664
86860 85502
34087 66483
90870 7507
95620 37582
70066 7903
84501 39612
75682 84101
83661 7139
32828 24612
55933 5965
79831 53400
62643 67025
90908 77695
95698 14128
89930 29391
83145 22957
28471 22666
33868 24126
28182 89630
49274 77816
99096 11648
84614 89980
75399 92058
10525 89077
51689 88666
65106 29273
66720 89734
31553 80567
38854 64498
50104 30698
20679 65185
53121 82090
33902 88038
34819 8122
35506 29266
65680 93109
12273 97689
40647 20099
95964 98508
69183 8151
22471 28813
28838 99403
41627 24689
20665 96731
92027 14509
29935 50676
97876 53804
21637 30687
34386 56335
33443 98557
61720 73642
26112 55411
50034 72200
57498 17919
14079 99873
23552 67210
49953 69984
95155 14475
91613 49642
78523 8986
67496 89109
26843 85247
71642 80602
49868 35973
55240 27691
72144 16751
44580 91079
83796 59574
81235 42606
77187 15048
58901 19842
84394 39948
53241 27870
88586 82873
60305 6201
56021 34004
25367 95366
17588 91635
71045 76930
51058 4526
32535 24107
22616 38158
65537 88000
3323 96012
42288 68664
52932 14164
23208 61773
5534 88212
8021 95619
24793 16775
12822 84564
58166 82350
75325 72693
77555 45701
9886 76944
95260 54779
75533 70099
24711 19443
81595 29270
88287 51921
6581 93878
50773 21937
35070 88802
6782 92313
30070 46777
65005 53473
96602 30841
85369 66103
5891 78542
2376 66157
91268 55934
62940 98466
37457 24392
69370 54837
1656 83240
31737 52578
78015 18268
96287 35435
57882 52670
91773 21177
61857 20172
11174 97402
90109 78907
56141 16287
42030 52943
57007 82022
17953 64274
84740 44830
90847 11294
23012 73562
60892 61296
87708 49674
85062 13346
13331 84870
40070 32897
98980 90163
75174 93504
17493 86593
30285 98489
23451 99801
3024 55384
66699 75840
292 64666
41087 89799
52919 99449
76861 10667
52831 46718
52219 65135
70475 6719
26216 81038
82314 30036
75399 18695
54875 97595
61999 3261
82044 94053
72056 70078
22602 23388
89423 36304
9111 47580
85009 75556
50975 13154
92274 3918
86179 91962
74018 28295
25075 47482
62116 57024
32397 29590
49136 51440
25050 44184
62422 14602
31405 64590
29359 94935
75658 90802
59595 14091
94411 59112
71480 23720
75719 96211
56299 74000
29476 82224
80429 76397
72351 98770
20163 98981
74979 62933
13596 47874
40804 62818
27644 48508
26082 20624
44149 75361
39889 24995
49604 5172
30080 36328
90421 89558
11481 95463
85652 95403
39937 69449
86914 29062
86210 97344
67371 73645
62456 17171
34733 46655
76980 58702
37774 38239
12489 80275
55493 12816
58583 43965
61105 5897
59556 89821
93565 60017
96940 38126
75057 65206
75964 6451
99423 95804
34455 24460
86768 35557
60107 81027
38381 50214
90873 31514
11672 81573
34211 76710
93869 92939
8519 57235
12867 50327
39739 98126
14713 67891
89255 51048
28221 33442
81949 78528
95220 35443
21897 56070
14041 55080
64038 73399
6696 39915
31454 81461
75395 78106
73124 12410
93723 7947
72385 53448
24544 53113
54754 86718
49093 29113
27286 89634
99733 35166
91507 12281
97537 10585
79911 99103
43352 46203
44998 30231
9819 62318
21790 55420
79685 41792
95986 34563
3332 95228
83624 3633
62209 91629
39802 10741
14645 42908
66442 17352
33853 79557
89426 3272
83505 45659
71435 36478
82451 42312
15841 30374
88709 30283
49644 33447
82339 16730
64973 94287
75686 98049
14026 61440
25042 71462
34519 5697
17848 73006
67687 8398
12747 96583
14641 70937
83013 12606
51188 34878
38948 9272
85623 71055
73302 44434
78810 7645
19267 43410
16415 92344
90420 17716
37140 40851
80432 47712
95846 31853
65984 11318
89384 28715
83678 82977
50973 40186
30716 21836
1256 88978
88905 16116
89698 86244
45185 96412
86688 21169
91134 9985
16536 75698
79148 57711
86358 25267
89940 89880
59199 96268
29780 92729
95281 73329
58461 30870
6295 78333
32146 23632
51678 38063
78335 52609
81051 76193
92767 95611
34999 57204
95322 57398
29273 63318
48155 16522
54892 22446
50368 78520
24838 82470
91677 3917
54648 84767
99723 45098
84969 96956
23681 78887
27644 53609
55796 97807
83453 95584
47586 93132
94196 81054
23693 69934
92991 20178
41587 18259
86124 19747
99490 90300
82157 72532
68715 23361
82388 56868
27615 67328
45822 51448
69105 87093
74239 84957
39105 97264
50095 7029
84412 86572
43796 44148
37740 78736
67524 42254
49676 39352
33780 55485
45648 8682
15672 83313
63941 54176
81954 21005
15014 48266
25706 54580
63846 51707
61253 40262
78634 25571
14082 62915
26639 73995
50597 48663
31416 89228
61649 20767
74355 8033
85733 24195
25680 35233
26465 14798
33508 70732
88895 87831
77978 88204
61318 28516
95163 21518
38102 35020
36882 88880
64093 58669
90850 22583
91567 66122
89738 54911
52875 46826
24998 63408
85379 58646
31963 87094
58175 78155
41453 66457
35109 94376
47680 79901
56263 53589
91197 5772
12351 61004
42789 65395
21356 52097
21399 90509
91129 71443
28255 86052
75198 28252
38489 73198
8996 39838
54403 36980
43732 81772
59798 65738
33965 67743
62753 24642
69420 63514
30391 66260
47571 31225
54312 11637
46866 15217
33533 64211
93656 49076
53608 56528
12262 84942
78735 30621
90985 23540
46228 92017
50366 90202
56074 60519
16522 96013
1641 45238
33170 51199
57436 84767
55183 44118
77266 64118
75070 6687
39496 4319
94261 73027
6973 91836
60362 3395
53737 87814
55268 28120
16991 55053
88843 98595
94931 43593
51422 3933
24773 81930
82909 60033
30084 69066
54318 32422
2092 82186
75987 49286
36191 53645
96570 3236
23166 21618
19925 60732
58254 9543
99088 68831
80582 58346
69101 57579
93673 62950
63569 60640
920 51971
80553 37474
87958 43317
78606 26162
51501 78200
48982 80764
94984 96477
64761 31033
98234 24634
65221 8832
8545 92793
12004 43223
94433 21411
16421 96321
52120 65188
68165 83446
17511 52906
90490 83612
83377 7373
88670 3453
99280 9074
11718 47266
73471 12827
43608 76601
91644 26925
3390 77146
60443 31196
54814 37920
39642 49024
8649 83824
42759 34079
52081 9000
53014 20702
74679 58768
13284 61638
41211 67194
67566 41508
27850 47420
51781 22555
67327 15477
20917 97541
33141 57947
32226 51873
98739 52206
74134 6947
93997 66240
64789 12204
96693 50437
321 84651
88760 18637
36701 65474
32876 38971
61035 76296
2622 71145
45734 94083
17316 45571
40411 46248
27358 59524
8655 60727
38970 12134
12213 55254
29533 72034
11988 49278
48694 7129
83685 89222
9878 73713
95480 2101
66516 33808
43959 56885
90921 40178
66110 11455
66766 55138
73453 1653
58166 52712
29973 24412
69720 15425
54123 52160
58700 88105
34521 72837
4677 95600
88686 17661
52270 78361
2202 68591
44774 54364
30638 53879
86521 13162
29606 29162
87485 49497
51358 76391
98368 63040
71570 24421
32347 83021
56159 24148
92077 20651
40843 57109
27831 12436
56760 38053
59666 98707
75148 63908
22521 34856
93548 567
80251 58272
62075 56456
24507 48061
42255 47940
19723 25356
82387 10611
65630 8013
93620 80544
45861 93868
49406 1264
7599 74601
79748 36102
87466 16588
72144 73488
65427 29231
2268 77114
26809 89789
89116 53896
42357 47217
34842 19350
82987 747
57287 19605
12845 95503
53297 639
45796 93626
84250 89103
41147 95089
86885 52198
92512 571
75141 86218
40190 29704
5436 68119
58386 26925
56097 57468
77320 17989
51393 15950
45320 98378
60591 1907
60670 28292
9867 91811
33746 89617
35506 13366
2864 44424
89947 40861
11392 86610
67433 15693
487 82831
32870 47013
51497 11012
36830 20095
84465 69333
89012 80981
14319 89569
53208 5631
65989 59842
81726 59322
18185 76303
74636 10045
55190 90157
41121 43046
40315 22180
59121 58241
95000 86136
75568 87907
75997 48945
59369 28763
25299 69923
17455 57907
43322 17537
54069 43907
11609 38039
75065 55632
43202 26753
23426 73427
36636 66939
44685 67620
53958 92471
48782 40877
66928 13370
63937 83732
77786 36331
29265 99974
3218 85067
38447 9930
56565 19780
60044 45566
91503 49478
14966 58429
1074 57001
84494 49596
83865 6576
91740 20621
30267 89679
88853 34250
50407 7220
4949 48152
12674 37887
53655 1364
20900 92889
30317 42458
12966 39132
25205 21472
73605 90738
45756 6395
32991 9080
63924 87843
71346 31658
17832 63001
86699 29895
87284 1590
96444 43951
62846 66663
43129 97151
96719 47271
38750 80034
6469 65151
34960 11450
42704 9562
8956 43543
81352 92434
74324 17279
45312 43716
51206 88958
38418 58351
87625 14104
77473 83222
58007 81198
89176 25800
37556 14662
11310 61702
58359 53568
76387 91841
94825 40656
55259 80561
44869 85568
34126 28492
66083 61728
74878 21217
80942 50584
94779 83671
78103 91467
55241 52881
78919 1346
56945 82982
24683 70028
48964 27133
75958 33329
17544 85490
85734 85003
71872 43025
31995 76895
30930 83436
70455 95300
93564 76872
2945 52825
68389 6562
78157 91847
28166 50275
90961 19611
96996 5692
36015 13930
48546 97188
73231 78585
7479 49010
88480 50601
33734 13889
29063 68303
59387 51904
5743 81424
75584 33078
9579 80738
77101 75830
49716 36570
17686 57252
90169 76865
43694 80140
94105 97308
56843 45029
88737 10835
73674 25398
9621 94374
93409 25702
52570 17700
64427 22835
9304 97106
79750 43553
60440 49220
45269 39052
86750 87116
34499 85135
63635 84680
97621 33803
85854 16398
95618 38681
12590 86273
90848 39755
4476 41879
78420 53082
64063 45180
13378 52752
59250 99757
24753 95320
54397 86459
39982 67221
76287 82553
54673 14316
92106 80460
47238 25874
50896 47616
58039 85223
50972 23800
20848 98172
86911 54955
14586 63972
79299 41595
91407 69155
24708 66833
25781 43973
9293 38832
55860 5296
90936 36698
15788 43864
14206 83136
61834 71680
49980 99021
31645 18833
29524 91196
30568 91784
51306 80903
5523 54646
1307 64832
23251 86584
86654 65555
58208 82844
17678 60886
84544 50833
18194 26337
25861 41397
14286 35359
42993 70380
99623 47446
95360 18664
38545 8020
10818 57904
83785 9266
88487 15955
96597 28342
35559 83462
84410 96862
78564 58254
63024 26615
69952 30038
6858 55058
36915 88368
11521 64535
66850 27597
79163 42422
64341 94215
50674 33271
19921 28442
88005 92394
31771 87111
83782 5463
38235 18428
36536 34903
93590 61844
53806 3786
42101 38728
43609 28450
74026 36212
83658 34261
41072 53118
53545 53775
73567 48775
92889 74450
93056 17937
65747 52650
45774 24756
38098 38764
3136 91012
77950 74410
39450 92630
37743 32590
84749 26530
76326 13709
55169 34270
395 94083
35324 29974
60337 9133
95980 14674
46988 84379
85266 66494
12311 73849
3407 84444
31217 47064
37257 8368
97738 31101
1012 65472
68536 87794
96822 52805
47848 57535
77438 61409
13405 74433
77255 37766
30720 81216
5130 89548
80593 95909
30816 89547
85888 39447
86301 40450
40408 57621
32859 14581
4345 65598
89203 84067
8294 50352
39464 15910
72224 11681
62364 38363
14568 98292
33361 11558
43632 87580
62563 43864
88025 47619
69255 90729
3831 68590
36627 70324
54802 87409
57239 37106
72955 22018
37736 48194
80952 89181
12413 63547
39145 86899
34303 84942
23824 79467
76959 35775
61582 74380
56144 59006
69571 56091
42133 3027
53163 38692
30240 58929
85747 29193
62956 28702
28422 34842
44931 91763
78033 98203
30633 10352
71789 65329
72402 74487
32196 12707
94261 9880
32137 75720
25020 17083
77716 82811
17056 34286
99317 32799
39629 82377
37161 91946
78788 55611
74335 61326
88425 92780
52286 38020
54577 10339
48496 43372
38571 18289
51109 76711
32425 7743
61801 12689
47363 86222
29685 64594
37758 42114
44253 17395
80680 75266
94547 2085
67284 84024
56826 15086
33175 55200
46049 92034
42557 12290
11271 78365
67164 34656
84550 22450
45204 91796
79130 45699
1561 61742
96817 467
41483 83981
8440 80259
85948 42895
92491 82024
76304 10365
11634 43449
51148 83507
95939 77743
77501 17376
20352 22956
33575 29935
30794 91667
34875 96883
90167 377
60799 76861
13950 78243
58540 23111
71483 86588
52801 85589
71048 58849
54990 98580
9557 67363
10782 89386
74360 53490
81967 23199
43974 3129
17337 98025
24973 28911
22082 46880
37996 29478
39216 31400
33326 72417
9130 66821
46525 41090
22213 21164
66137 81662
96186 2619
18299 30483
24017 18205
76431 36130
72937 60312
58171 79016
23518 94193
71628 32588
36072 51511
94769 87383
31855 80227
36728 65117
91150 50549
42570 91828
33822 76212
96191 63087
97845 27684
66493 62766
76448 26309
26046 73751
78472 30746
81219 14876
68246 34343
2178 48627
84770 24496
94493 19908
33108 83463
76722 11236
94575 22542
93214 97945
12105 64107
91227 63301
77759 81394
26101 93703
75948 9292
20532 42056
67030 38317
82662 35609
33296 74611
54174 45105
29916 84913
17647 35279
40169 49803
83561 22917
38747 76355
98212 97157
75342 44890
9589 93540
47996 29914
61610 8092
15553 29211
32012 83644
12280 74808
27679 48339
5172 67891
78230 33229
26292 49387
60625 82947
30315 26532
65426 59840
90218 65375
14577 44752
97675 47212
99921 56282
99836 43831
80898 22339
74288 66184
21986 98289
9015 48218
84793 9310
39740 41804
46815 53111
5093 97372
75990 73635
74966 12219
47619 56999
90902 44494
18770 69229
38903 64785
36800 66469
77402 71842
76135 75382
63770 37785
30220 51983
57319 58165
90355 49663
83056 21177
83440 54356
30944 17626
45598 41898
2666 61793
81572 83164
75566 32976
77765 21099
36707 66277
50173 63475
61852 33390
39993 60312
85645 1841
90207 601
20572 74471
53293 24918
75670 5064
59984 51322
80541 19223
43983 86591
51894 35760
65204 52866
75695 60284
50962 6866
50098 54653
28023 35599
63952 61641
52934 71736
12321 80118
63117 12253
85705 59924
28395 27910
30650 34842
13055 60053
79901 79525
28778 40072
59412 59288
40478 82172
74498 64358
76259 53543
92870 89656
5420 78267
78099 87892
7417 56541
88421 10401
58006 85033
21103 30261
47235 86335
72870 93466
11983 42236
3293 44388
84957 37484
67430 51477
51854 56735
54698 55292
40096 82975
13391 61348
42820 18064
72361 99652
86589 18852
81284 69922
34024 15286
1329 69493
41964 54302
61042 33563
98308 47647
4035 82758
71857 36630
58436 81134
48652 90529
11809 90322
26661 31419
86285 74907
88532 49493
39931 76980
36085 76079
41357 18628
65225 65767
95884 12862
9415 61720
18940 56339
33202 83412
23778 27882
79383 15086
5199 79186
65079 77077
96760 56725
90026 24890
85763 18565
58331 95081
97052 36552
35700 88485
91607 35942
95171 58519
57216 31328
72412 57894
9673 84020
39798 62212
64774 46551
54405 53009
32845 53863
10848 86529
93817 467
20416 41216
52510 73339
49732 61675
48779 53117
85027 81753
79589 67425
72995 29997
76358 34702
53428 15062
78401 47270
79753 91206
27377 40738
82107 57800
60584 84121
6667 40390
56193 11372
84427 38325
96250 98683
45612 58657
66591 89503
58823 14461
26175 60174
89716 51513
27577 75431
86015 66447
77309 64892
16176 56530
22296 43643
6020 41667
83078 42276
15534 53248
46010 34388
40483 29017
60372 51311
7229 56227
53050 83227
79620 73037
31329 37333
41837 69258
79788 97706
52566 68235
42152 46364
33053 87714
66024 97666
8328 61575
44509 9533
35908 33645
68452 47458
26007 77265
31199 8527
59579 10558
34249 48433
9302 65860
79042 9497
3541 94115
42650 57542
87990 34491
98088 13366
25869 25767
58322 1545
38820 54564
97922 9596
61485 48848
86500 25672
67934 6961
17283 28250
25836 59757
41765 58123
51776 30962
66747 49806
32236 32781
31315 99321
65196 62978
65935 67325
98820 10973
48139 31204
54130 7608
98554 62556
43657 92717
29942 8949
85077 33612
61524 16706
56894 22603
62545 28993
30362 17993
88412 19296
48888 55838
28893 98873
77064 54270
8696 62697
94214 86659
86264 86733
85637 50374
27699 89255
44740 58010
95528 53403
628 84769
11644 99620
67136 33393
40379 49927
9560 76517
6466 56663
83228 75591
65902 41694
23526 56944
8107 44677
33340 56975
74851 88114
84836 62766
90171 33736
58223 31301
65054 2221
57735 89709
95072 12748
85362 30352
80044 2239
54872 79954
42308 48029
52600 12342
22951 48378
42822 76964
65237 671
97544 56030
20267 41776
48797 3659
26842 16893
77324 2910
73936 47684
51479 61790
3314 47225
75250 57972
35355 49487
63976 54652
15356 86897
12407 65049
88594 18854
33581 69605
50697 53353
38397 88143
56960 97240
90751 74299
32131 77690
95640 42012
38523 33104
44816 50529
89150 69481
71912 95867
13018 48446
73617 37279
60526 89788
82704 21126
45981 53615
6424 58010
36739 10067
98761 65364
11517 46271
58769 74308
44277 69069
93339 65603
77833 83018
57246 87038
88023 78731
48085 56803
86456 37568
33048 58797
85938 25448
71173 26211
27582 81435
61364 77316
34214 46760
34931 44405
98063 69318
67029 81068
27996 72849
60979 43159
89507 83588
22578 59707
11359 37044
63331 70045
37813 26352
23411 69985
77842 19899
30363 19786
88585 98018
82339 22889
64706 20285
47680 88362
61239 83504
94415 19069
89151 535
97367 38674
68579 15259
79453 54356
88662 50794
69329 81822
41059 96993
90928 24451
85287 41957
91033 75139
44930 94452
76850 86670
92275 72884
85885 24236
33567 82007
30234 76884
30488 15537
97733 35116
8138 40436
77834 54004
37572 73743
27101 59812
57677 97690
61155 4142
27180 70304
55996 55722
53793 94890
71332 15387
95541 99276
69056 43029
97406 95291
58530 85147
59142 7293
6637 47395
54458 9999
81666 8568
64389 33974
74554 24683
95628 68410
32722 31252
82705 18766
1701 60003
94927 53164
51311 30427
73114 81511
72728 31572
16688 61116
2872 74986
33205 34966
38530 41366
71434 92360
71106 70401
8950 37283
3288 91724
65692 68275
4376 96367
59145 41562
64348 42091
89814 5932
38325 27294
60834 20224
55145 46986
46089 15404
53983 1448
99126 7675
71587 25537
7600 72911
10469 65287
62284 89791
33294 38924
48054 37110
80983 50258
97925 142
83664 56184
64413 5068
91333 76694
39103 68845
51174 55638
98421 62696
79272 25060
46697 34099
36190 47265
99611 40858
47070 42011
54933 87885
29143 84014
96947 18257
96049 89458
13 92310
44005 90881
32938 57698
40538 8206
55985 45641
94950 21245
82925 93110
13224 94800
17275 79705
64793 60364
23355 19261
15161 94810
95764 25210
7618 99735
66415 31697
66985 62178
50385 89611
43423 38286
76793 17705
27138 77992
56254 42805
42335 23923
38613 98548
32721 32943
57553 14443
65179 19577
46594 8362
840 95573
6937 43292
93000 49319
52271 4779
8112 79635
9438 53874
22937 86302
99437 80071
90334 82878
47434 36589
98518 1496
41057 12946
23258 67653
67330 85412
47381 25453
23794 64569
53655 53505
65383 35689
90402 88879
34259 27980
21873 28979
28696 52244
76477 12977
2447 46017
4962 52150
51401 59073
10209 50944
88650 72675
86887 13856
78203 10665
36444 57327
12378 49715
37661 10461
42306 14941
76293 23763
74381 24802
22073 34466
58909 77305
69325 17176
28893 54861
52881 86919
46145 50427
37866 31583
75089 22169
48267 42868
44368 98467
24754 99805
92336 48567
82074 43590
65668 15395
7139 97356
28925 91369
71713 91020
94870 35076
38693 46895
72966 5890
37531 21336
26322 38978
38549 36792
66846 33771
54139 40428
65279 68105
16561 66398
5121 45533
88416 82002
6767 44516
79600 14079
76060 76067
96869 77391
36208 9804
68613 57328
92732 68095
3562 49560
3734 89748
76372 38633
81757 86087
28861 73504
63364 93823
10573 99452
11946 73327
78085 19921
67449 35389
47991 56238
78764 89485
42002 44885
45569 28151
33796 98307
99804 17764
40711 41215
46292 77735
70068 9860
14723 64718
91739 63467
96637 90231
8256 61222
33960 75842
59376 5236
19982 52493
40201 4389
43390 11455
16135 65978
66051 39167
96638 71560
57391 53828
87100 69430
920 58667
46504 44458
59407 99886
47656 71985
33557 33154
21392 95809
1289 53732
284 59565
96247 15298
55645 55079
93743 9549
32444 74116
27587 33065
33891 90498
1501 60767
26799 92316
96139 19695
55988 74520
87144 32352
72971 3857
97800 63685
26687 15913
23613 72566
92657 58450
76890 73298
22556 43436
14392 30683
85810 48571
24262 44588
56069 25994
54360 14888
69158 41666
90663 93809
50186 31847
26244 57082
65406 38925
24330 49062
31500 27592
76124 79538
87400 73763
36393 82786
32497 81939
24022 82567
13812 54183
30848 39481
47170 78870
62368 55962
6217 67035
6077 98476
29664 27728
9629 98545
90012 12178
99274 64596
75533 12442
23299 71278
51067 16561
6366 65426
17776 73006
4122 87259
43589 24395
86011 8188
82392 63220
60074 61
16873 82723
8689 42937
89146 82219
77452 962
53697 62212
81734 29864
73212 6054
59929 52019
65838 67245
86199 82430
40434 83310
94616 46427
35415 61320
22615 30490
44011 91144
48309 14302
80101 4066
85049 86154
62308 50262
65449 91058
56046 11916
56301 85618
13977 76332
46248 72743
54078 58236
33791 72673
19683 49499
82311 28222
15877 90852
94961 18932
26033 39116
63567 98809
81789 23334
79942 37824
34778 66416
70032 34327
20721 62508
45371 15566
34088 12049
72541 13547
67507 71385
30295 32370
87327 72328
71367 39219
99945 22924
49020 29967
71464 87545
67279 52211
38948 16672
44733 74439
92435 45685
51346 79155
93009 79028
61241 4572
50178 136
74444 62034
26116 25171
78569 66965
83884 17145
38553 24776
48778 62357
74614 51326
87566 28154
93120 32573
74371 19244
9797 47594
31778 41638
99163 56179
23570 54390
66186 76558
81971 7987
72214 67823
77222 13109
10847 82878
58036 90254
80679 31906
1593 61445
93849 74591
75733 73767
92999 40974
66179 15018
76006 6686
42309 69378
78260 48082
84773 11251
77505 18605
75155 16775
83941 77894
36645 77290
22496 97659
65019 94624
56725 75996
22893 83008
19544 98181
87192 75699
63055 70063
8736 90294
56865 95117
94975 85804
98087 49200
6734 66693
34226 20869
79343 22187
38084 68350
93911 41574
46611 79786
86902 21681
94467 53988
75642 76729
8382 67677
29494 24513
39699 72425
19351 74888
65512 58911
69538 61757
99811 2043
40624 87386
80670 90128
67207 77050
40979 78715
95108 47399
84912 71361
88047 54867
2037 96506
26767 15196
81419 63179
9845 50602
43531 60142
9293 55058
596 96245
65089 99519
6011 62054
71729 27483
97285 62871
57161 26407
64243 70718
45925 79915
39783 43937
4427 81085
36004 61812
61150 20058
62423 51252
38259 46813
72605 28293
92200 17288
95453 80590
49397 90781
19140 86555
68534 12913
31924 60939
98655 18995
76857 89158
43840 90069
89531 16121
96711 66806
42466 16285
73898 17693
36963 78393
24604 33565
92587 36572
28634 39568
92310 6253
22290 46725
42527 91860
6300 92288
73567 64408
64708 67164
85354 73737
56984 23130
77867 7350
5970 99965
26175 30528
12473 58476
87326 54285
99610 10237
47285 9090
89159 89201
36556 63321
61786 38773
72747 34524
19987 72884
84785 47929
21770 84017
2086 74004
94775 6183
92568 48218
87025 20549
59236 30829
81135 80395
77605 5145
2558 43097
83065 49402
69308 42162
48792 40286
31301 22380
53428 48371
57786 54257
4405 81694
54843 82897
63080 59737
73727 2371
4929 58100
61388 86786
98541 41297
3045 44019
74379 33231
37523 9674
13585 49136
89020 52112
26445 15283
56081 66941
47273 98223
37297 42469
37957 16712
34782 82935
89390 8779
51514 62040
54434 69085
92349 36538
35178 89338
29487 39376
98407 41374
62296 64706
20564 78595
21696 22424
26823 41390
84481 59732
2285 90915
68144 37696
43730 26939
78570 74030
25464 90662
57324 40291
90625 3643
8254 89681
42234 97838
10267 57976
73011 92261
38723 67836
44081 79117
3002 97913
63195 59834
44232 3726
40969 35196
42739 38379
9511 50978
98716 37531
52785 680
95208 4454
72354 87437
50771 97468
43718 10559
94870 22336
29726 91917
83814 66416
58128 39277
57746 45860
7158 96376
28408 75358
59630 73303
76779 92232
85129 17070
20632 55319
38566 67347
78873 54239
94261 87590
10282 43321
64140 84455
60852 42387
82296 46371
61386 83549
95646 37586
34339 19192
52287 28899
39487 96907
12715 79768
22 88355
63611 81030
75781 2699
65268 96986
60490 15159
59880 80727
75541 33993
80487 95612
93664 88848
27539 19165
23429 23940
99565 5708
38882 85399
33380 16692
36990 9072
32218 81408
30061 53933
88313 22405
73560 96106
36075 78805
50335 82414
65767 69537
9384 67826
23195 77332
32843 45449
44611 47118
46656 63361
74613 6005
81205 17879
72816 15239
65857 2881
79103 63325
51857 3345
56810 75610
30913 79116
18171 88210
73614 83845
75588 82484
60163 44446
12804 51179
59052 82532
58627 77738
92651 27869
54170 49889
32386 51658
66184 30691
27508 78827
47531 91691
49964 99731
87898 26347
94699 66991
52032 2122
12824 82216
94409 52209
46467 48261
71970 97897
32972 51964
30186 82245
25774 99547
71578 37127
84602 6710
16566 37927
45412 54638
63565 16609
89788 99228
95326 81301
31249 7522
34432 74364
8357 54374
65276 23598
7606 39865
68586 5047
27443 60051
88313 99037
19565 27221
94411 23859
13498 72132
64334 89503
63280 85084
17795 70053
4819 42580
42119 6571
97700 35488
73911 48696
20771 50791
5722 99826
10421 47666
36309 50332
54867 83889
34992 16682
91756 9344
97719 77984
92960 48077
89350 96115
92577 25144
18994 79674
80387 75761
32383 20905
80344 57143
53659 6850
707 49753
58487 65925
98422 96063
80105 97555
97133 59721
58354 16373
99143 94160
87052 26502
56056 11082
72269 67773
90406 42295
52989 48815
15236 43842
83918 84754
33451 95581
36526 35421
41779 18189
20907 38183
41607 46726
85314 99200
46657 29791
98520 77381
88167 70026
79825 15101
71179 32591
7164 44024
46172 17650
49742 43190
60181 17516
29475 99637
93466 22604
34760 84571
37888 50872
27681 25227
6334 79291
80997 16662
62609 99532
53068 86864
1218 95167
9029 93502
99939 31684
87612 66188
64655 17538
46532 87116
66597 39245
17241 66973
28584 26617
57039 14143
68459 54179
32398 85443
2050 63393
78722 9423
73581 44936
36958 3704
62847 10704
5931 70323
75577 16204
41989 34007
82912 62398
47084 59337
75046 26801
47171 32920
33435 16075
6918 74630
75763 25983
90936 60814
42670 25417
5196 41339
76985 34892
47135 71210
70892 5081
91919 84717
76341 39636
67058 91771
87174 62054
74975 69304
58136 43061
68016 15642
12341 76076
82478 45350
36282 66907
87984 93992
33586 70561
53898 75316
81101 21967
44798 71811
37789 83846
59355 96627
59230 15262
62886 44105
19868 71060
38895 64955
82274 77184
77310 81366
80250 46364
81489 6637
65299 38533
41016 20494
25334 17985
83005 71483
33607 59670
6298 77288
44302 70489
96004 15559
5541 79995
54721 50558
65012 63603
34354 91522
35235 42549
24526 88326
93586 21510
39695 56782
72399 22912
29479 43007
35597 34206
28678 25081
22495 84323
52554 78966
30153 79791
77572 50175
62066 26119
96728 89369
3023 91531
74937 16645
62449 92895
31537 10040
75031 72884
23738 58704
79361 83637
95760 49756
23918 30069
12236 84466
48808 13292
21573 65175
14703 56724
39794 19225
57830 17070
61691 88393
80627 28348
80164 53712
79186 6414
18938 71233
73741 97317
45763 12569
86484 19958
63652 85101
39845 65631
48467 81427
42277 21762
24631 90174
72905 39488
53002 76457
64759 27424
13390 69099
62037 70166
34377 26915
20388 77170
89261 19055
26945 88733
44272 7602
96791 54827
47188 89920
99507 8767
44474 95030
88068 91567
27807 57765
28516 67966
94307 40070
63232 36347
37585 47006
11878 45356
86316 84360
97857 44557
93591 12048
31259 61003
95032 48460
55758 6712
75003 86061
13435 68561
30214 61030
14272 92436
83881 27908
83065 30728
50479 89344
30100 51059
79400 60241
73465 87637
80914 95739
95783 25922
34883 87149
34637 28478
14091 98285
70180 47824
73379 8982
71700 48014
54018 39202
38535 55207
31560 69712
19593 46260
29961 71196
58957 91662
71197 24350
34726 14751
66558 95496
25152 48082
78380 80706
36683 41327
11432 49439
37203 5192
73692 53764
83599 3278
96989 94779
61170 94140
3398 52846
16305 43475
43164 76918
25603 20976
97992 84136
77159 89293
37600 61759
51431 81607
75519 7419
45589 11564
90517 89708
26855 90401
41463 85462
61631 52710
62085 64458
9449 77142
52437 93824
31201 76536
51245 81224
65034 636
96406 30344
50129 34502
90875 94378
43098 64333
19493 83702
72995 50293
48082 50888
29968 66676
3986 79566
77310 75994
77516 25659
30576 83558
29916 50315
79052 13776
53748 22297
22837 46022
87483 83217
5313 67076
23874 29479
84269 363
93361 83339
84570 42992
72140 48161
67334 84372
91517 89445
64252 92936
20255 78028
515 47499
47907 29717
75823 12322
79189 31576
33839 3708
57443 50697
44028 53109
41950 61520
83054 76199
69367 80512
98582 66987
40852 42010
36841 59596
39233 38013
43159 42855
33537 64207
14668 69591
79653 37297
44211 22390
87767 48115
32768 62354
54336 68537
73825 14852
43343 49401
45902 30817
54729 87012
46183 81510
5447 52909
10003 46360
87444 60720
71728 45320
74393 44607
77957 60421
746 95502
47583 52078
50028 95152
72492 77151
11779 93641
94935 74776
32970 77351
58567 39725
89848 88016
98341 31964
30811 12963
4304 44747
11186 75951
87433 24043
10917 72094
57015 14301
72653 41485
17416 59918
96017 73412
87041 38286
34367 79482
41855 55409
98370 4291
77887 5885
52615 60885
68839 33975
41867 85858
87782 58001
71245 46088
66198 46708
44361 37145
44276 98503
49472 29214
40715 75096
47843 14250
70913 90323
28741 87937
20558 84627
26651 52068
42642 66431
68709 72597
67493 56910
87136 1981
4727 74910
78301 76673
50145 47720
70015 2263
41480 24591
76360 70915
28380 66130
40170 29718
13011 86877
76908 23792
1180 57797
71403 54172
75541 37933
38089 30479
91189 55807
47983 22438
45602 18355
75116 60126
12932 60375
18778 69495
7058 97561
22541 60408
83488 62241
93307 50183
86542 99771
77199 19027
80750 76995
46645 69263
68230 60716
34976 91717
34815 95514
48157 45506
24898 43372
86165 22934
91474 16485
36673 47671
85753 48549
73367 69842
40848 89048
50470 53183
31852 96973
53825 17667
89157 21889
31870 91001
92111 20626
21364 39203
97093 94630
96080 41731
43288 19092
69682 75604
36472 1386
2351 66244
35099 65264
85958 45700
27192 50019
19320 59944
75477 63494
6028 63223
52774 72299
89631 29856
93396 7269
20287 61253
96755 17993
35795 96489
22068 99805
32119 95382
39641 30812
57487 19773
91786 50842
59011 99689
75539 68215
44911 97247
33247 60489
42324 89327
43432 12812
63965 5448
99214 9870
63700 61966
70995 2100
36800 26455
40063 82819
15034 54864
54216 59101
28040 64586
97163 13070
91538 20669
80820 29160
98162 23928
73011 50691
36030 36796
39786 45454
66457 97904
40273 25347
85120 25781
12807 37211
86272 38253
95389 80078
52090 84982
65331 90488
18707 30995
75704 15954
80735 95636
40461 92238
51732 95499
36373 87927
86729 53094
31203 58470
89881 26692
94591 57398
90763 47840
45835 4477
86582 48362
85500 62269
89759 94913
34843 39861
25198 78603
75269 79673
57621 36575
93799 1580
6909 84874
58050 75807
16254 56800
68499 58131
92535 67959
19074 82157
76373 50981
50582 81027
1857 76531
24505 55135
14295 77099
68347 33380
13601 75515
80041 90720
51234 22564
34409 93733
86233 14615
57507 65423
85420 47158
75613 34895
44660 6928
81834 41015
61782 66184
54489 83698
99899 17321
84501 85074
43342 62212
98273 19594
44620 57368
10646 70665
66719 21152
95305 9249
33984 15269
56284 79511
35454 87975
83390 71612
66251 95085
3042 54151
81843 13089
55693 81742
49084 46477
33149 83882
47995 23748
99506 62876
3158 55223
6076 90939
92502 55472
80963 86239
38831 98754
47301 73969
99136 21302
98034 80135
94287 84893
53689 54074
3437 96481
35021 81786
21823 90858
97472 37865
55753 2357
61571 65183
542 56656
90708 41205
70015 57924
90450 48364
5741 51006
70695 31933
72380 71721
96242 44634
67008 76060
84431 16419
51867 34015
87496 51030
89158 60990
33346 84548
86052 1843
82522 20679
92507 16815
7413 69443
56960 73510
7364 89643
59161 72460
30124 58701
63787 45544
82109 62662
95668 93891
59622 45232
92325 99059
5529 59189
13358 90588
25718 17623
79731 74234
50900 14939
47465 82224
51986 56604
68519 5858
96360 86876
36186 83144
89667 79766
60870 52029
77667 45977
51028 14408
61093 98325
47311 37310
86764 4433
76871 33207
99657 34506
72402 71130
52428 44372
71650 18963
57169 72013
78639 46934
80806 60702
53787 63385
70868 13901
85233 20567
90306 99383
66987 44844
50988 34989
33798 99351
61403 52126
84311 92856
13651 41687
37249 95100
35736 26351
34968 53107
11660 36560
20181 95691
67868 88720
63157 32012
10043 44391
97748 91493
82637 27078
45488 77524
55237 5182
7921 51433
80649 63288
24670 26285
12365 72847
83892 49571
10709 82910
49117 63076
41000 99510
69665 22280
94306 11519
67182 74416
92118 3563
959 59647
59097 29659
83361 72885
82662 41879
82583 41565
37099 17993
29927 30714
51716 29209
93563 56102
18977 64539
27197 35511
21173 65681
78339 54988
76573 77696
88350 72157
78087 96656
58088 6190
91255 42207
94513 47783
37510 54966
40263 86343
86735 12933
44597 32783
55837 7240
61166 64666
47126 15045
88994 59803
42529 67549
48804 48635
97139 32180
91487 48849
20980 28317
44544 58292
33129 85570
57364 36876
66277 76453
76997 31831
43735 26757
94093 71917
86519 85012
30622 10396
44449 22554
62635 49201
64507 28625
35160 54047
38221 76491
99515 54720
93267 25989
62390 86352
67272 9763
63945 64323
66489 45545
92605 96099
13223 48380
46062 33820
38912 80397
14250 36136
34375 20319
29134 96974
40038 52109
56308 1506
13442 38135
20751 40720
56145 71422
11833 95262
96944 89241
76214 13619
30440 59876
95782 6153
2286 72446
36251 99822
97063 82695
79017 21110
75305 91526
98058 61716
92308 15527
42314 41645
94388 66757
63656 17710
23390 58130
38281 56470
92079 87364
28945 34160
91664 62037
51181 22388
73531 43521
52157 89606
30928 44827
32086 88977
64441 92715
54788 50757
26825 60512
81079 66067
72349 60109
5407 45890
66759 57233
10675 86921
87511 53962
57475 36082
40051 13204
14148 83784
21715 82415
41556 95750
96268 60476
88569 32654
38194 29148
86434 88335
78865 77688
4874 72089
35075 63848
44695 88244
75183 65626
13590 63307
35474 85468
51349 97438
32935 96331
90851 47020
4897 78384
11303 39890
32418 52894
65642 42400
41698 49216
98498 19345
17866 90620
68695 778
85764 71931
63131 26491
53678 87308
70214 75667
77348 493
54068 20720
96447 30031
75548 62966
34800 5680
16683 63388
43574 60769
57223 79241
48253 82362
22089 80580
17111 73000
66766 66063
55233 40624
70654 61019
60632 9583
76657 68279
41985 4897
25269 94640
72524 26754
53421 8536
36938 33952
93370 32476
97770 65675
66428 76910
23775 47923
69869 88321
22130 29045
52659 90069
71745 58582
59377 48137
15486 93357
54769 12883
75995 98102
12881 52999
61887 45254
51770 39344
49679 6852
24892 99824
65644 93861
4159 59289
18385 50496
2954 91388
41462 80570
76828 26883
77716 47361
62109 79082
41137 62647
30531 97710
95810 98700
37265 29308
59983 30990
81632 27878
76280 65275
95488 45725
51460 42535
94632 62496
7660 89798
87984 1870
12350 38596
32240 68005
52946 98606
13442 44315
32416 6024
93290 66028
53560 75576
32968 43808
53424 11931
71339 52101
31099 57799
19150 65699
79002 72273
44254 17770
2914 52574
14050 47316
19757 97974
30192 61318
90547 78932
18270 38990
45036 35661
9867 83913
74647 18640
25136 81425
43843 77650
93486 48235
47200 4574
83621 92643
88986 17867
23185 74403
32432 41747
73619 78505
54961 59381
5420 94655
24957 44219
6880 66476
38167 1228
8844 44892
95274 78800
69274 38249
72860 16945
73863 49057
40352 61130
38928 74739
43717 13018
19873 35646
30467 83167
85919 74165
12250 84989
94394 87718
82169 70272
46950 71262
98531 78809
47684 75225
7067 42350
74612 73949
34076 12216
81340 54951
83325 90462
88837 82731
95125 28647
93799 40905
1334 68779
42379 47460
41672 90089
95460 42238
35386 22262
35058 72708
86747 49864
35393 58122
42834 99879
20505 59639
31239 25903
24970 67424
67053 25625
44293 82482
27743 36324
54805 69365
51439 47704
90952 67298
83076 37493
87424 90740
97491 57085
15753 28465
67708 28151
79743 97912
79037 89489
21018 79119
37373 43817
5030 54330
64047 21080
64498 51271
92656 70563
68917 1356
25836 70556
93731 94065
65043 39103
89201 33249
40961 13524
84515 90473
64685 45505
55350 62373
25699 58216
33836 17331
56457 94475
50004 53602
48654 18703
44356 8406
54785 62824
60130 88177
64886 16673
55785 372
36686 24105
57459 62592
20655 63854
69039 95622
94219 92719
27371 91009
66973 96147
37438 33582
32566 60522
95243 22282
72844 71387
60763 16461
5988 61880
50957 38654
21792 65908
76231 33091
46678 92975
38561 11575
41225 93169
23225 70125
72453 24804
27704 79921
47858 82630
74618 72366
64559 3038
59548 9834
86729 64825
52957 59920
73233 35888
73345 88792
91361 42134
64332 97961
81070 59285
62171 88846
87362 10892
81722 68572
52975 72413
47996 94223
43664 31910
40280 52504
53809 56946
82842 69010
19976 39047
10043 36577
69162 65634
13686 49729
41567 5955
44326 45381
53859 94727
66615 19141
57793 63649
38092 16134
1824 82061
72573 36722
53238 14079
97332 97332
82845 98746
73871 47877
71428 74821
79841 92900
45325 46430
6117 62521
13275 64184
77393 34192
96021 29168
1845 93238
45293 28938
34793 38932
1139 62726
91327 25954
765 72114
46049 15813
32771 42821
65128 20674
38349 73742
36476 87671
30243 89240
62497 48875
32835 19114
12513 84584
66849 75683
62573 70178
98816 62361
73462 30732
81153 57199
95981 13192
61717 44162
84890 44318
92768 46227
52789 54434
78980 11864
48356 54421
88925 37373
89742 55471
65640 75831
94128 37738
94701 621
89400 12103
58928 3704
54747 26221
11852 92786
14697 53034
12244 54476
79352 41934
95825 56662
57829 47904
65599 9156
69819 67973
25135 70526
21946 50365
34831 43865
53285 35194
74981 10842
22785 80862
26946 80988
82492 39494
96930 49178
1779 93587
39374 29829
40595 10836
83013 89978
66364 78407
63859 70579
14228 56614
91550 10177
50066 47079
17000 98964
21969 78835
38195 69188
81289 43047
51335 37905
79657 69617
30956 47976
5867 97336
78604 23505
42857 96340
12492 93616
80630 64115
21200 80124
70616 32701
83673 62347
60247 99149
42447 57057
39018 39371
93161 3279
85154 32190
75805 5381
65907 17452
56515 5653
68026 68442
59091 2080
84601 20464
74449 81315
90022 10824
79424 1181
36146 56183
94815 84565
29498 60115
51729 31930
82022 26669
97301 73110
58337 52250
34314 23840
87856 69812
79547 86425
64805 6364
88238 727
69681 10453
61959 72043
27394 48785
28054 15037
2037 47555
90094 82260
38110 9387
97205 25522
71601 84004
85780 60052
74590 2438
81172 73736
20 96880
52533 8818
42854 34380
26904 60825
53611 19961
98103 80332
66254 93088
83388 62133
32301 45712
56274 28827
35321 23844
36731 85967
56453 98384
1835 89660
94294 30221
80903 63910
23559 84536
63518 83638
22102 27185
43195 1271
30862 53266
48948 53390
2516 77695
90 95430
33143 71026
42604 13804
49653 7091
73269 63474
4267 96882
49078 20808
15565 65282
87040 50161
45017 38932
42181 28394
4061 79146
34812 97142
35789 30047
4901 65160
77489 37303
76228 62603
2146 89100
54928 81411
28528 26669
61994 36944
13261 51445
72216 15862
65090 39715
40997 81057
16444 49302
91581 94338
44675 28531
56489 10689
37115 31814
66068 53471
82552 12551
75387 76120
52746 28846
71288 83766
53355 66273
85542 3305
48345 28457
85307 6792
96524 39905
62032 63831
55543 83703
18859 39467
74270 74333
68662 98848
60180 65972
31058 47201
32553 93976
79374 90283
2839 90705
68625 31531
48859 63948
57228 46282
75104 29911
40992 21655
44148 99137
82256 47104
28004 55054
28302 81576
12683 80977
24101 55720
96209 72384
99458 71801
29127 84890
37606 19024
43947 13195
87369 64456
26867 80696
31848 32751
43337 43392
36652 88871
77624 96067
64704 42066
92133 16115
33461 25629
60201 33868
37874 53867
26085 87247
98122 56519
37280 71505
18423 93722
53740 37927
50279 91744
54497 74488
49063 77698
32180 13443
19179 91197
76508 45105
57037 48850
48163 97198
69518 15973
52569 3534
28678 94778
40537 96822
45991 49089
83482 45075
29870 12528
58160 66718
13306 82278
39548 90085
95305 65598
49417 30847
49564 3573
80438 25976
44614 23944
60117 8916
78211 74673
84906 84837
23478 92077
44738 26438
50339 75359
19302 76049
40122 23607
89352 15010
80040 16982
65272 89236
99837 95485
54146 91148
34367 85842
10769 75214
78982 12523
69270 7942
7714 61986
53425 15493
99081 69348
77247 4160
40956 41717
50960 47917
75058 67248
60046 49039
67409 98667
96488 72820
46901 58321
42314 34020
37145 71253
49758 74021
40048 21386
20833 31831
1559 61565
87766 63169
35239 85435
23294 44341
66849 57628
31412 67516
19955 31619
96103 34502
43025 80831
77193 28465
35817 90178
44490 1952
30810 82084
42216 91523
43303 15569
97794 48428
9187 65394
56356 27794
76412 19205
65236 19766
55368 93741
34074 67195
92817 66065
31715 19579
48418 90289
34059 88602
66573 90810
27848 67594
20776 47389
47671 60412
21663 35612
59794 35396
33990 16006
38585 12058
30622 97297
23658 19839
45018 9257
72189 4047
82311 51146
73520 59303
54796 28111
54479 92437
70905 13408
85984 15961
17033 66299
73334 80749
79989 82911
41073 93563
56408 46330
59006 4465
65461 16928
52633 86692
19227 72009
57271 49584
23942 96942
52543 21652
49087 82488
1558 64547
37177 25424
32744 93376
17612 53018
32660 48022
3012 79055
76188 28565
76120 17742
58551 96495
80306 5523
53401 82230
17715 50369
7626 74484
76071 38560
34771 69124
29436 57101
71117 19059
82202 61969
17897 89808
61586 83517
13178 75373
4945 75050
20549 84589
89364 47047
6808 63966
28627 62590
24911 83081
80731 24959
15753 31529
84841 87311
32051 76313
9247 49989
57148 14159
10890 60811
62536 8334
17382 39390
37770 82037
95870 25658
18304 83868
36972 52511
64601 69449
95149 65405
53220 71743
93306 1632
59432 22106
98437 93577
44509 59355
70217 26020
6949 38297
77916 15084
93441 30176
31429 92319
1176 44043
83855 19949
59004 1422
49258 27358
37218 67195
30165 69019
22501 88833
19873 47964
53231 13629
90034 27871
50259 6635
79026 60049
8150 54539
18655 24750
83224 91424
95730 90428
44657 74037
29131 36254
12548 98862
7475 78351
74304 47400
39034 30916
51647 75718
56293 91202
88813 96081
95529 96234
84574 84142
37507 44149
7167 62588
16855 82118
14848 81942
34977 26110
72389 92376
61786 16474
66113 58931
59740 1473
48235 99077
16170 60063
97303 74086
34439 32137
33088 69829
67828 87683
1817 84021
81732 56629
75594 59284
24000 35875
50351 57789
49301 63479
40260 8759
92543 25292
7831 96166
47795 932
94877 1935
24187 76725
41576 17015
15440 45997
36386 30871
15311 61437
62943 13686
37428 6439
34182 41836
6569 79937
23142 66457
81200 56265
84293 46340
89501 697
90627 46451
36992 38828
67573 54109
92919 54029
35708 30086
29312 15922
53254 58566
18865 45894
59449 4224
21036 26624
58772 34168
17822 97058
53944 57777
24633 31043
72963 10629
44743 78999
23836 56387
66450 52428
84027 85591
84363 36982
12369 48138
50281 75230
57620 9215
43419 85768
60858 68827
16648 38462
26253 45496
82557 14374
38654 33969
17832 51060
35663 11750
59640 87303
99816 99978
78757 73608
36384 77173
99005 34123
51141 43634
40834 77406
2463 42787
64368 36740
75254 65631
72615 63009
97177 52208
50244 26960
80769 90688
98088 36907
78388 67061
99401 40590
34919 67145
28207 11906
44661 43268
35308 44231
27641 23622
77109 66586
76582 56835
59204 35675
89045 63085
72475 83371
72596 99989
67392 59343
46527 68418
5418 91335
64268 42528
79827 66321
16942 56918
88370 39087
78384 29254
90504 78092
67356 81183
76475 72493
60038 88774
70971 55135
41991 67371
72707 24641
37578 75530
55402 53685
81906 89891
51291 7101
57257 18679
74647 25279
60350 90196
16804 34522
66210 59500
83699 58821
84625 64050
22638 82368
44293 39512
36530 32318
76688 52867
83469 25211
40867 838
72601 24301
32087 28547
95550 60396
62615 37565
87241 53048
28712 92259
56998 34462
14494 84731
95151 74583
93046 65490
21645 86957
69510 93747
97476 95810
64409 69889
34302 74011
72182 97240
88308 64805
61557 83545
59186 44545
77380 98822
67209 99106
46408 82381
71845 68731
26642 99897
22263 51450
49165 32072
46917 48253
54699 81296
24790 85086
70700 35629
73977 86529
48655 60078
35746 72380
62927 78835
60711 19156
651 98163
79199 60592
48384 93826
54226 51066
25894 51091
55281 23952
54157 18344
49424 96538
5959 66321
21390 80183
49679 33409
12969 52634
49236 55975
63109 22929
42998 47193
54987 93752
56919 59736
91725 75397
50601 46852
37773 45037
94538 31370
53975 96258
71486 95805
96687 41297
71925 74885
77068 81020
72175 97067
33099 72489
90632 86348
15077 52437
24439 20017
71445 48646
20724 36699
65207 23917
71633 23480
18585 73285
76410 93175
97713 83570
90546 66907
97306 65862
69656 28904
94390 49830
81613 44787
70032 55733
97323 82154
36731 95718
36298 16960
74824 55840
52031 25015
48371 64352
13965 43749
5153 87424
75660 48306
20275 74253
38810 71222
90090 24440
39723 35977
97687 82979
74376 56509
93955 56012
44117 25153
96697 29162
9410 60157
84586 35458
96955 27608
63155 29514
84104 732
54906 91255
48997 79038
1270 83658
57306 16049
92194 62000
68685 71544
87360 39736
96684 37815
75489 99920
35015 88418
69957 15258
82555 85859
46353 17063
25576 33699
43024 50399
42421 14105
52970 7953
43465 22911
40269 58118
25690 15524
82509 76613
19264 48458
58691 57649
97983 20470
88189 20941
79836 99517
90586 60924
72077 50826
32903 9255
16741 50429
94867 97280
76983 19
28452 88556
35037 92737
62895 17794
11274 80489
22822 74955
27925 36740
27447 52439
98971 99049
37666 40471
25668 31519
1105 54712
75361 35900
93509 23262
28555 80567
83552 66559
81537 73151
16891 75298
72205 5525
56460 79352
75067 86379
97029 76916
80942 10730
75204 4365
92359 38881
53753 36952
47031 59253
59233 80190
96564 95160
27223 45571
76463 26284
96116 19483
97968 27383
25765 76323
68494 58996
37348 87768
96254 90853
66647 39590
36574 93705
53889 65853
22524 58063
46699 31625
93820 51534
39568 39950
73942 4887
72276 68956
68938 64969
60008 95625
69619 80834
51449 5385
74762 83450
24159 96191
88526 72205
33179 67511
67833 15968
81087 67293
96819 38826
34573 51578
67274 11278
43950 21797
88932 51310
3816 52212
96558 96471
75402 83748
57065 4640
86356 953
41507 91133
7524 82398
38690 47455
56484 80517
5358 68554
87761 51409
53052 81050
92286 9012
37353 57073
99150 26267
37935 31351
13458 60312
4595 48195
30752 64592
34224 39234
32224 13948
64400 71637
93895 8332
30702 31571
36941 41930
54038 3229
69292 92917
28245 50876
451 71654
40972 20371
23198 57878
9889 41496
58230 1506
78107 13865
64647 54490
35207 4282
53569 54586
8655 48476
51364 65334
69425 87938
82539 22443
95838 53495
6608 55922
56771 28728
75885 1229
16414 59085
37721 69638
50838 25128
1055 69441
97536 16448
48251 36318
17441 26016
65429 88073
96488 61680
30349 78882
31103 56735
93302 47817
27255 89884
57687 80565
86483 78812
24594 64143
10453 78982
22978 69556
48241 22955
51150 51020
52538 73605
49320 88378
64784 54590
39593 10755
75026 34115
38454 58278
6839 68901
18320 76765
65962 8270
61155 6555
54119 8818
2813 75581
71803 75407
73440 25043
65132 34839
82197 89925
32814 53774
25113 83970
91435 9288
89462 90946
32189 62292
62013 4970
70880 59456
57105 1914
52592 41593
29917 37269
33588 87400
53618 44099
91242 78230
27690 85944
50661 49302
62913 813
93957 93447
79311 14807
92310 34216
45879 1813
98852 96976
75082 30942
74796 62105
53180 29586
49336 37302
41806 69126
66500 92456
26468 80492
34753 76320
62498 78125
54421 4751
82462 30166
8685 80223
42799 45824
29535 15200
39991 82374
67074 57102
56918 3976
86324 30155
47914 57049
99898 59634
60893 69340
74473 61807
6706 52509
13416 47093
59325 22802
8697 54597
32427 69991
72238 40894
94036 58995
51160 88996
54497 34760
95746 15451
57255 14833
56032 43202
69435 30999
79525 19899
98786 73959
98639 95563
58675 9204
47004 45077
11440 68739
97214 63736
51168 20711
86034 33697
49048 59730
29694 86172
12934 52239
82025 6717
56496 69953
29196 42240
56385 60418
71100 53841
50794 41439
70923 43789
17880 29546
75466 67388
78561 24034
36424 15621
71826 4736
67179 69714
41145 8958
59769 49234
48720 48049
16801 87741
27695 15394
52114 13486
98073 1239
47202 66191
86551 69538
8050 78980
61302 31138
63403 44904
35521 81114
86695 64919
93832 78855
21768 24968
8101 73089
18589 27742
26403 57503
56197 19121
34471 59773
25787 37159
57585 55644
47842 47110
29695 15807
28729 76011
56053 92111
74052 71138
68556 28848
36769 79610
80845 7432
80036 78802
45943 8341
60108 6254
97061 95703
28926 17565
92226 89588
54760 66745
94561 68584
34058 27673
70614 6541
65714 33817
10715 59776
40710 75642
69267 14016
79994 39853
77860 41681
67637 32610
52362 69042
62955 75007
5403 97077
47364 38234
18214 96242
6220 48977
18790 68339
29687 85908
76667 64533
7959 94919
40250 53656
62844 14636
70537 94146
44959 83703
18150 42996
61071 72524
74024 6851
39466 28571
42009 53857
94769 81759
67489 56814
32953 24377
53727 2028
30155 98563
86903 72554
18214 89393
93381 83531
66884 7201
63378 50098
72868 95464
60736 14556
10702 36929
39357 18971
94579 50304
21594 71637
27145 85424
37120 24228
47615 28401
21104 78869
13815 75380
28839 96551
61405 58155
89803 75817
70277 3793
94650 37601
88798 63016
81939 59459
74032 8079
30119 35810
19377 69163
95878 59546
97387 96189
81272 41656
56030 30895
27488 33529
31754 45555
50977 44035
37154 48541
93580 48460
50318 41834
57614 56617
60412 47442
29028 41871
33594 11486
2686 44361
37677 51944
58469 11584
53855 53205
75971 74736
35353 61726
56991 31789
72693 71405
47277 25384
47454 38330
61479 75541
12564 66508
48427 59858
59884 24328
39575 82977
26074 87835
17787 29655
86782 89067
21630 80656
45596 62008
25840 89561
90618 77659
1298 61648
63753 24859
1001 77670
64669 26987
35998 87890
78970 9077
86328 66877
87626 99575
56251 97587
26594 24967
70881 79553
50766 25894
12091 87747
92128 3037
59175 33829
94928 50290
11805 78308
30502 85827
68751 21495
64490 77825
57451 2507
85443 98838
9904 80743
11582 55237
7073 57017
86593 45995
39556 91104
47496 77630
84514 16204
77240 95758
22232 68657
85577 15965
7677 60337
80473 21086
50687 5831
59304 52258
13579 55265
57876 92203
38232 38503
83441 55975
36279 97088
54632 42292
92756 89382
18751 50896
71556 96742
86461 13843
57030 14044
69665 40556
77989 6581
8294 56151
25067 46556
16527 89016
42905 76480
51123 46597
45680 33789
666 63145
21960 27490
5177 87053
5026 73120
27576 66976
71646 82328
75563 34047
49863 9063
74407 83784
63728 56439
75914 41931
35306 20455
79150 37228
88043 55012
61376 26263
77277 67374
50615 68421
71599 81970
62794 68227
51891 973
46376 84119
47958 44259
64896 92240
62559 24798
46464 28094
62556 29425
20887 49131
22402 46310
86959 23186
86827 24196
91798 24143
54635 72131
85675 53170
32944 9796
27930 41532
70682 10415
79647 15097
46578 50811
98950 30829
75681 60044
92224 69266
38196 47068
97898 81257
58065 59206
58685 30130
96076 2806
96988 32407
79156 66088
17872 43918
97705 53385
63501 21995
33465 80176
78988 24765
54049 26576
8904 49826
46309 54108
54614 50883
20150 38913
8537 75129
34222 21857
92514 26913
95421 9581
68728 95492
79298 84240
57671 10640
58852 59560
67667 63488
61321 39263
67840 81211
93769 49271
14447 65357
80065 89881
21597 90909
57764 92921
39594 6580
82568 63712
60248 44635
46614 63597
75572 57853
28358 44737
32403 42367
28959 67233
88143 25887
84878 25137
19150 66429
37494 53275
89814 93563
93984 67966
88224 60299
74446 63021
20313 36428
58886 90593
72624 41432
15757 87936
35642 80420
53646 18696
42266 60725
25983 28868
97292 86368
89790 17906
27691 26947
2133 99009
77852 80618
77682 20888
80061 13242
23995 66090
56877 41965
72873 71438
86547 19828
39892 8746
16062 62397
89368 92401
41193 35126
60822 96399
40268 39321
33839 8702
9976 63564
35364 18434
30257 28139
76756 50059
89410 92812
5458 44231
28279 89707
11356 77924
80417 80453
7824 85609
56575 72048
52540 74148
76931 80732
8056 89848
63442 21928
73911 92429
37927 60163
82579 94310
62564 87596
91284 39455
40441 47596
32154 84844
7029 47618
94763 33682
4741 59960
38985 84896
16241 80127
94081 80641
60188 73979
73186 25838
92089 85257
35142 55809
41247 36857
95212 52006
72191 94867
56773 34006
85708 47173
45221 18005
45285 10149
76000 52871
97251 79311
55306 42731
42730 17435
26444 72716
42472 60340
84478 29091
62428 79661
83534 18618
23678 99864
55820 36492
4587 44946
33474 89006
24495 39985
28819 67906
75345 61026
31036 61047
68790 57548
5792 78790
87614 89653
814 74094
70128 48580
33148 61326
32204 9134
33870 23966
31307 36972
61841 50188
44057 33839
11721 63979
81454 85336
66740 98674
50636 12476
12196 62249
67731 20232
51962 15470
90921 63159
60929 75743
36844 40965
47415 98574
93136 37030
33014 8559
99673 75524
27559 94206
59875 67627
31146 67579
84491 49624
19328 92360
88235 67765
87477 25312
67205 51812
19552 62963
17135 31593
36017 3701
43105 33473
87090 82532
84372 58319
80045 72445
43134 32604
7 59267
85686 89701
76903 58397
80834 79263
22774 45438
20047 74739
90441 3850
79702 17249
10678 96762
71908 4067
86401 91226
57226 65430
24131 83378
67998 98157
22139 93481
3155 91285
29335 78240
46191 78460
61406 21736
36107 94235
24987 82797
74904 43572
53176 68933
65118 53259
43592 655
42438 68720
19830 37479
55074 34540
75934 6113
68128 36190
52533 42106
98128 60827
21679 64491
32636 97190
67796 51539
32317 77327
5795 72788
40466 79372
6888 45338
77186 17751
52273 18245
30860 90161
93617 94917
76944 24556
79959 82576
71535 53942
51290 42495
72209 87383
11472 89476
5666 87130
63037 51688
81000 70788
95883 15023
35434 92290
56878 954
22600 36755
18258 34038
17305 63922
46706 44458
95325 55335
91762 98267
93970 68081
95006 2927
78903 58274
15322 85844
52503 79594
28509 45115
27080 54974
21495 87076
13282 72508
47130 62897
63325 4435
99635 68354
93739 92560
77479 60237
64252 60918
29576 84482
86845 88326
68859 39327
7891 76495
63059 20178
4983 65300
94873 55982
93680 1181
37155 21062
92128 22101
35077 42628
69722 83361
23522 37594
13956 54935
14017 67200
8103 54903
84118 70465
64996 17151
91551 68318
53537 86929
56114 73490
87016 99173
45116 53518
30068 71417
20083 83482
31609 43322
38799 49737
7079 60992
18766 98301
19804 67328
63496 59919
23832 73217
63382 10091
2148 79969
85504 15016
87301 11400
69615 20780
16114 93628
25464 64687
14236 77938
29785 37232
69943 62114
59517 90489
97500 42438
98902 74155
16520 45370
76435 12998
56159 30460
15940 30099
39546 67162
23163 88753
89818 1040
63524 6466
806 58910
24344 68684
64766 60297
33634 49287
61588 36825
2503 73422
55161 70433
85317 59127
6465 87185
51176 84687
48439 47472
78771 37182
2883 80593
84480 5000
66935 57463
58865 77393
79508 38524
64758 53810
96130 38722
31257 30645
95732 26392
76701 32110
73368 376
3782 64316
48292 35751
54882 58938
34539 36294
55530 31364
12971 47100
50555 19630
90575 14997
69263 43839
22207 87784
45886 97016
64086 69277
28517 80751
15346 42148
57080 1310
50389 49849
24825 58621
26931 34815
11538 51654
81757 59390
37222 3887
99110 61305
92453 2805
78094 88658
63554 18846
20588 37555
13314 51032
36581 99945
97146 20519
15366 38016
67603 31809
59263 70077
57984 50161
36427 77885
4502 77650
67006 49841
68963 53975
93161 60212
94960 7330
89676 94265
78040 35224
79567 19045
58341 39022
69067 58949
11990 60872
5366 69504
37088 85168
99990 94966
65209 17895
3287 75062
50634 83649
90833 17542
2297 94114
16970 90952
78712 92085
65674 65424
68246 49743
25618 38205
6338 39577
33192 41536
20793 68767
47105 64306
52596 11236
25446 62901
65510 54816
48923 3203
44235 16751
27693 95692
72188 62453
86438 53142
89317 35294
16174 80821
6637 84192
44048 76341
45763 99549
8530 50266
87575 64713
8640 49256
99117 56205
86063 29055
66090 34881
72262 45320
21990 40873
42234 39700
35625 48568
92585 18891
50952 44198
23461 24043
68096 84031
21113 62741
63750 69926
2957 64184
62383 71775
80366 73201
34857 76195
95641 30406
26916 34675
42860 39302
66231 77631
32884 29179
74188 62520
10782 68803
8029 99029
92482 18169
66368 72535
57857 31565
12613 61015
57541 24764
1310 49152
51643 18144
41719 22692
64541 18193
83908 42357
19922 28393
75677 60549
9818 70363
76354 78295
93343 87776
32082 18834
85162 37767
35356 71471
18790 50055
92979 61323
16740 54895
85719 22576
33920 78410
63203 51035
66291 45396
19898 57410
5738 44809
25890 71593
64713 47003
89360 70811
29662 13064
82460 24183
60527 14317
79823 14137
37314 18092
72011 41785
71892 60842
42428 83651
33776 20401
49146 27109
85958 84439
83131 7158
93310 23546
13415 76600
81935 63286
62858 29051
97770 49801
67695 18584
73858 17108
41230 60666
11414 68748
60896 2670
70650 34084
24104 24264
77754 77839
90327 77928
57088 44341
98923 7535
28852 22522
51825 77682
46945 46271
36816 37266
62392 90664
50926 89463
94825 16230
75433 75055
77340 88472
11695 63964
29871 34713
56147 14377
47078 20103
83314 48876
96865 7596
80514 22768
63982 44603
87125 99881
29174 97133
14292 38915
47566 54768
43000 94330
80611 54968
79928 69624
37348 28234
52538 13375
69266 70528
90550 59089
88970 6485
68421 63281
82522 65153
13292 33844
15300 61156
71896 32852
8578 73653
47955 75092
19279 72471
73734 71602
70153 64075
86968 63265
33852 33298
72892 70685
17094 47027
10023 67950
31556 36945
43417 45665
79722 75949
61031 74747
33580 63272
71958 61969
19026 37755
76140 13289
45565 60916
63501 46590
44752 88053
5053 56498
63912 30915
66055 3869
65857 37534
82591 85936
69799 20011
34466 12252
34338 67285
42504 52493
63971 72728
52135 92213
77841 45408
84162 80840
75939 19674
60293 54611
80052 54231
85210 22967
39387 43555
49771 48193
33456 54031
10708 88683
42038 32558
43350 58649
64865 24539
87717 43630
18592 82145
48269 15750
45153 57984
67597 45340
31973 62035
56758 46915
27474 34981
23994 90502
29856 99368
28588 34300
36476 59483
57136 79722
79481 54916
79840 25221
87075 37580
94939 27515
66491 77889
95143 58561
83131 88203
68191 87383
90772 3844
67342 83910
69457 40808
55833 70228
54356 91867
64387 22627
7134 66007
41799 9752
15099 79943
71718 41502
59538 33971
77227 29813
6297 81714
97285 53460
89504 16423
20579 94144
79919 87837
83484 28252
55949 52840
57885 62937
63703 47561
20393 49270
86730 62787
74145 27186
20276 62784
51446 75907
15061 34118
40335 28379
65517 46345
62102 46790
30243 38591
95110 56951
99691 29787
2999 81412
52639 40330
3667 93432
74642 83061
61793 60797
77350 24244
24862 96132
62089 62768
99210 69348
14186 37016
36065 76110
85550 1025
36128 25609
91205 12187
80247 13458
60860 84486
54745 16486
34091 53644
59471 92197
33196 37497
60279 85079
75107 58857
74680 6913
97273 21106
47807 10631
46517 35230
39528 84856
41660 66136
72447 84964
65062 10179
79574 37099
29625 39371
65406 89972
82026 41479
82310 22458
86666 37117
77614 87577
31960 93192
96842 61869
70225 9067
36620 80424
52487 47291
93555 57514
44640 1749
30742 21023
31768 6419
29580 51099
47678 89810
56649 89971
69888 62914
62924 2464
83028 39746
23940 28734
6285 51356
67163 82464
70440 79108
43730 80182
25623 96593
57627 19027
6041 55285
8566 73053
41427 45372
92758 25900
98993 54522
44231 7342
64886 69752
67905 32806
6167 74147
9068 38329
86956 27126
32575 85353
94012 2543
76144 37033
40637 50416
61944 47614
20197 73394
31668 88529
21568 88100
40724 53806
24944 70395
14058 82191
59955 86004
77884 43008
91582 48642
36116 9826
40215 6149
88194 64401
52554 78645
26512 64320
34738 27781
47367 32393
44854 26608
30332 60753
30014 72737
92452 76291
35629 76619
86818 67146
73240 98539
26944 40012
17371 61098
60650 8462
73677 61039
97851 7022
72245 56696
67281 59891
61180 72479
63509 97487
66446 74003
46635 80753
85214 12020
79738 69072
12532 66862
64193 4558
33853 47361
76105 4490
26029 67158
51431 40349
78037 26824
32205 62571
13526 49463
25385 18609
70147 85979
25616 35784
74874 38854
25445 70957
5558 53986
45461 84059
59717 2385
93401 40120
80064 2395
63934 50984
66881 36037
42507 41458
54057 92603
2830 92356
29595 99943
40549 11143
67724 68119
42622 26705
38223 12785
29630 99835
21156 48023
87706 8192
62175 58996
46198 77750
62099 81786
20446 62645
42013 16268
83957 16040
42364 26188
30664 84659
37724 55319
34595 28791
7256 50123
53315 31739
71010 13363
67080 78758
69628 75781
30465 49694
63503 53343
55575 20652
78488 45236
58968 67528
19982 90430
69316 49302
69128 98182
73916 27912
57170 65743
45082 42395
80276 38886
60927 92671
81456 3974
64318 31646
67442 55769
34232 6798
86195 86958
88447 67469
62819 77414
88768 7445
97395 88806
52851 12897
92687 78343
18491 63711
42865 63823
56475 45564
99291 94310
94733 78591
97276 73134
33702 17862
31857 40037
74856 91495
28243 50142
63381 33197
2326 78687
64061 64625
38461 47652
71466 59199
85446 51988
51153 89175
13419 80046
62888 43451
92359 20667
8357 73388
50930 44879
45759 90948
97959 33197
53907 19697
71210 86181
27906 24813
71541 94042
31627 16826
40640 73230
56469 65260
22696 84193
74004 58492
36255 66200
8400 60563
16280 51276
68566 86764
34995 87827
3769 82272
36824 42518
84434 18651
29949 27770
20700 86043
83500 17980
19085 75729
49602 23599
70767 18365
74802 63187
27435 29649
94244 2190
28714 49921
21998 65607
63550 4186
44487 21140
74364 601
19133 64086
60579 78093
99370 48263
72629 17798
96464 79258
82024 42808
40558 87210
53955 55781
70150 51855
56609 21548
86911 36507
93465 17209
64470 28760
60766 60175
43931 99158
53752 62915
12115 88070
62907 24233
8079 86552
95742 96329
36675 84997
77273 14982
42607 31147
25979 14286
66281 91001
32625 37012
53510 12608
55725 66834
39755 7972
87798 65114
30647 96054
48484 12180
4685 47915
83288 7213
66630 41998
1290 72791
57506 83376
54187 16882
23722 29899
95628 36617
65381 36721
5627 99881
75370 80337
5318 88843
94658 88384
52468 91996
60202 64300
22252 47752
70466 35295
7295 99768
49212 7842
30834 97542
22446 44391
50165 10633
64157 98044
35182 94037
24811 25593
37083 73130
40513 92360
61198 49579
11042 77184
97248 91338
72870 87800
77386 37403
84400 33081
23408 57359
47310 67768
10241 89968
82728 34817
51174 92720
39008 63810
89638 17751
45495 15234
90555 7211
52382 47797
83227 29445
24542 68129
45347 37434
52361 53401
69060 31680
48590 85332
43914 21458
88137 40392
93321 51663
71247 42578
80770 18739
52867 94711
84793 52112
26537 13391
17692 99638
97341 89527
7991 40159
1292 47153
40848 29867
40143 31341
96111 50054
50842 10929
64483 91700
58969 16752
14272 86607
87198 98208
19043 53096
76980 90712
19681 49823
27445 33946
76087 98169
93426 82674
6 96302
82814 64666
38087 19053
39330 90985
36310 9274
18223 78395
72161 58998
86716 65778
54849 50162
43987 66952
87302 65807
94479 72640
7497 94379
83403 14800
22531 55759
11567 67513
30489 96360
15097 97177
65102 63943
79898 57233
38371 57353
43801 87106
63302 67237
71455 1831
37058 18749
74252 64661
22877 75048
97689 7044
56505 23648
89383 66011
62273 11240
48847 63392
50418 1549
44016 83024
90363 31334
97694 8665
41626 6142
33655 45241
12087 62850
33192 91389
61349 86698
75104 10116
78459 11871
71600 37212
98740 47839
67664 11556
78143 76991
53415 48672
87606 31492
83337 79725
39608 63540
32055 24676
93632 21346
47598 72571
31290 70696
44310 64268
40745 50876
61804 25541
69352 72302
75702 90452
32082 54874
50267 75162
92459 39974
23551 48779
85990 73259
44866 99477
98105 80915
48033 49950
87108 73965
66163 80510
8344 60832
68941 4167
51115 55499
61661 81184
65586 86802
88070 48121
54694 61351
83053 6920
26004 17183
97398 4599
96321 78187
95320 64677
91584 43567
18433 73241
42342 25081
80877 10445
22100 89423
70009 65245
96928 12548
28345 99214
92255 52925
5911 64545
85093 65874
80181 54930
52340 48181
90410 54884
76889 10327
20401 46443
94118 47916
70676 34636
62173 141
37899 39316
23601 25116
36740 57639
19526 39491
65743 20162
42272 31337
85246 17278
40751 69148
62133 84405
91385 69574
99996 79620
62025 22120
60341 78524
52342 60948
26199 78141
80278 6022
82959 4886
95837 12533
64636 18683
37153 18738
84338 29261
43034 23492
46004 35329
31118 8148
67097 40165
5680 54472
72453 99752
64541 95372
35587 35867
54575 43874
88438 16155
88002 5910
54131 51470
77481 43285
94146 74576
14017 34549
86901 83858
8269 45458
72800 88953
72852 26112
92786 37114
50375 30602
30138 25439
15660 92379
79293 75789
94737 87420
35589 62048
53551 71105
56570 42130
33810 88660
13767 45653
78601 5473
23274 92888
45945 39204
41147 27514
14770 40884
72194 77723
94701 98341
41999 26490
95198 38061
70382 90618
42408 7917
73689 23939
29207 30091
62098 44855
31863 79677
97464 14992
13486 43833
30245 31157
17828 89076
66313 50047
56639 53342
41398 88037
5732 78415
87851 13907
39383 66796
91009 11402
93023 60294
95386 21326
20074 94125
8514 89566
11248 44946
83003 89926
52989 28159
55463 33037
35905 69137
53772 85885
19806 48002
44068 65510
61035 86826
65332 9734
45948 45004
18645 78344
10189 44873
98535 71367
98676 24676
28888 13191
50589 27828
88294 58021
81703 57441
71073 5237
47281 51516
70715 4040
45162 90626
85405 94764
8428 77795
15065 84544
10503 56227
78262 81750
63211 53400
76913 4310
62034 36330
10462 43542
99419 34032
49269 99693
31046 39741
88524 19405
52158 81720
97746 96018
41596 14108
27377 75685
66581 694
82161 52104
86148 89435
97722 27527
45810 57129
99641 15192
11919 59381
41136 94956
68056 55767
61118 23855
79911 91397
67504 1019
32705 58062
58795 30292
69432 96643
89880 87876
35271 17747
38296 64423
7922 49142
72187 51538
23033 21801
63482 15700
83915 20546
90627 44413
84043 24744
97916 28964
54789 22837
29650 73596
40076 51125
59980 38186
43989 29626
31725 96756
85476 96347
95080 79608
85094 82501
37856 14310
39281 2677
32057 96593
81403 81576
30633 60707
34442 81404
80096 12659
55427 1030
8838 78209
43342 23415
90320 12353
69098 49447
50745 91364
83041 3301
30971 39901
45834 66324
91888 48902
43064 27342
8123 99970
51224 46658
67462 39515
53148 60548
74010 76217
98127 36156
55377 18856
34221 19335
59756 19809
4360 86285
86035 26528
64964 80313
24435 89765
51629 27825
56807 54736
31999 94348
12111 89978
715 88705
36295 69391
52272 68996
1475 51408
87869 2115
72137 26601
21378 35435
10192 49165
59899 53624
1983 80618
15575 87855
42936 95644
73686 98191
40305 89399
57805 16770
81279 68379
74974 18152
16008 86455
44376 35313
24673 94164
6753 80446
72362 94984
55073 42413
98801 78012
40353 24788
31178 83211
48314 4740
37002 30333
23250 76687
90200 56708
6121 73943
15346 60280
40075 20031
78473 47002
84734 47457
51095 2537
43384 48393
64075 9141
14908 70792
81781 79333
85508 78813
42175 68270
26869 74770
62336 18734
95682 70049
98174 37305
97245 86520
93035 93288
57322 81455
67913 25760
83020 9441
18988 88903
25936 89715
89447 72340
27622 12741
36104 62381
79815 80164
2504 81608
34743 60348
75166 89500
89366 29670
71541 23038
44182 41081
35595 99797
32115 64584
54378 38434
91721 84513
47596 86730
18602 44757
36305 65142
39886 75829
48940 43191
53439 54233
64229 94863
71557 73662
36216 94012
15294 98381
34341 86373
67195 53872
55953 28923
41880 68755
34628 46501
59805 35207
90954 752
76369 6664
3045 61241
30820 12215
21066 70963
38218 15467
41677 62895
10166 87964
24544 96934
26721 40996
33592 64954
4852 74350
69803 25369
85788 18037
72595 54097
13534 76269
62999 97133
17606 81395
71457 39118
62462 52212
11161 80117
28672 15515
74953 78868
92388 50253
30923 19226
29712 76792
40627 12074
11652 80979
60046 36724
30563 8024
57885 52159
86341 54290
57044 69496
72085 37467
40573 83911
15227 86439
61255 13584
55503 10762
58608 82341
62094 91681
68802 64920
30974 42455
55556 25142
89843 50745
19054 26586
82549 30785
52055 29814
48347 96919
34402 43659
65241 17204
57037 59827
14284 38986
68685 90145
76228 68058
80831 32999
34575 15679
12781 93097
20297 65655
46605 90910
30167 17828
23327 53409
79003 10748
30769 10589
61248 60140
59139 21517
74223 95292
4950 41472
48140 38063
48535 90699
50426 42000
29473 40479
68374 86029
85933 28072
88271 14885
30674 49092
9839 82344
35055 3089
48911 34646
95456 90504
79618 97905
83750 16564
65510 3280
90713 79605
63582 39211
10291 95435
29136 23546
15580 85292
16074 79935
80210 26339
567 49031
70971 23752
49273 8140
59504 92851
69425 25338
20477 46447
45954 44530
34865 56927
55809 82189
49335 26808
31599 23472
5980 39588
24325 53273
74880 96241
50581 67016
44329 67602
68686 42521
46377 35660
62104 4020
28825 31190
32067 88288
85027 96455
92686 52558
87833 77874
42100 53504
32480 51826
37886 64477
37535 65557
53323 20625
20412 95212
75519 16810
81243 84903
94618 89498
76605 94580
74795 51773
78091 82149
32953 64105
65232 64297
42616 7052
9381 73935
69304 4512
60874 25354
14512 98215
41387 58052
71585 39322
58896 3811
63045 68551
66776 8982
31831 66734
49420 85089
45447 7438
30275 91539
28541 58309
49298 14808
56404 57455
67220 37458
32293 20131
55631 32708
17944 93429
74755 5823
33219 65047
82546 36833
56164 67662
59012 2752
42407 88472
91987 28387
57313 23982
63481 96802
63663 1290
83290 71850
70725 90169
24893 54001
29651 70726
64014 3196
6300 45878
64780 1420
63644 45542
52761 82163
67073 62262
97220 24610
17645 81690
68563 39500
4426 89366
60323 7989
64569 84274
13105 60059
26411 85183
23848 44985
30440 80501
66157 11908
743 74351
54024 5496
23596 42856
33285 35354
45004 52265
43600 8414
47651 29830
28868 34364
42733 10452
23907 42954
93604 93046
51259 98112
1151 48552
29157 55304
87882 53178
21264 66666
32093 11076
11529 69696
69605 20343
60613 25875
56694 96762
10316 96907
64481 39072
90786 93809
61486 66624
23285 81163
69802 51344
64091 32630
59108 2909
63100 96903
96914 56053
37004 9209
32272 75344
7325 70822
4745 73602
43809 34576
83090 26898
16094 47047
56881 85703
37683 47295
65735 44084
29054 18261
70020 46126
22558 56100
88633 68108
16267 86281
90114 51770
88991 56818
72527 30827
35669 87297
52425 62506
97364 34496
88848 39461
89867 70299
63911 48127
1683 74228
41431 12327
14705 88794
58812 86271
33662 16822
74662 13671
79160 48066
17433 39001
5600 61130
85078 39603
75229 16183
1365 92480
40445 38837
71174 45535
30527 35695
43479 83530
20101 92051
74736 34130
47235 28221
89587 43357
22415 82305
3458 71703
33379 63849
41636 77957
31187 14872
72091 53121
66308 80692
68071 79984
97412 77252
81082 5764
5368 80396
38457 80566
80352 86625
42532 79901
35427 98598
91546 29640
64527 64977
91505 41378
68814 46284
86189 66892
16950 54491
62239 16751
26115 18419
52433 7742
96741 95777
7130 44703
18158 43071
42296 25704
32651 98282
53688 3357
44621 82083
75039 21437
87859 51612
25030 54170
14811 62931
26686 37502
88223 66497
96813 74720
96950 98609
96261 75245
47762 74663
78249 2771
58401 68489
59854 16837
90752 44148
42251 13887
69987 53390
32633 63798
67299 46564
20916 29302
70658 48256
29519 67940
36674 12712
38103 12971
62260 65955
89928 70166
47169 82800
66512 78090
52735 18057
65019 46100
21451 71274
56522 58480
89317 13118
50514 6500
51415 9082
90473 71265
45430 29334
52303 89664
49017 47919
56047 21121
2423 98315
53576 80597
76485 85717
41589 98667
83420 78195
3057 56295
74805 62198
32543 73882
69136 99414
76087 99494
16090 45094
58723 610
47342 76543
20218 84017
25078 89567
95264 37017
49759 32181
28228 45658
75434 62599
77523 5330
99981 52897
20936 50473
81973 88740
84243 95715
29945 31891
67238 22570
22827 27694
17264 49396
51320 61107
7165 83124
14415 40661
86493 58306
26409 29295
38132 48706
49087 47908
7141 38323
85377 19776
75267 94089
53002 85550
5254 56043
40157 6726
77244 41137
25164 57220
79136 18377
99240 88295
87484 37089
41554 6159
35925 85821
20426 98991
32520 73327
99061 65278
34514 15376
69593 15608
8989 80858
80335 24688
93072 8470
36441 51474
36678 83290
49111 63615
87160 98843
11088 82139
1439 98515
53231 99024
2833 98651
92333 15528
37058 68740
28211 95240
74260 93610
92585 78437
45799 27761
36752 48958
32423 94574
20809 48175
40774 39482
46606 19101
68200 35286
29733 54287
45999 92502
90728 81512
78498 78153
2023 72108
35483 42105
21311 36071
86835 34526
2411 70577
55235 2711
3727 96194
79417 317
45376 47411
65287 23488
95446 63283
88240 36760
68661 31597
2328 55474
37855 45976
49995 48845
69719 87907
4180 71187
26633 29948
89046 53324
79883 23714
491 91833
74285 61552
69856 83600
37067 82849
72233 85650
74414 76466
11671 35348
33129 76649
23545 67053
91293 22883
87770 16809
43856 60710
30071 35146
94992 27430
70684 53737
86876 23661
64970 61555
60683 22005
19147 95085
48959 45626
13831 45703
97810 19775
56857 25972
81618 43669
78780 77762
89654 33987
57246 63945
79288 89639
76860 66710
90070 31134
39325 54358
59509 20531
54492 45085
57245 49364
94092 52776
64173 3531
11432 61790
19289 25258
98249 29162
69116 92081
80622 96856
55518 31971
61943 62571
10351 50665
48464 89339
22287 45981
32458 17839
53033 95321
14363 75711
61091 70587
95245 45635
55003 91863
69305 66152
28629 70459
53830 80236
12796 61542
90795 17438
17624 27812
84465 65191
97928 69434
45500 57830
615 58711
65269 46083
75605 65106
2406 66820
38954 58271
55244 25320
86859 88621
1435 59773
82942 41629
26789 70370
64750 86558
86803 6334
27923 65552
35973 91420
43471 50253
62793 29327
49676 29859
68099 63530
95323 73274
93866 75215
34136 76226
76678 99121
81339 23147
60610 53361
82548 56467
37364 8554
64385 1402
34332 62685
84148 83943
51206 74998
20927 77992
33803 60159
8888 56883
97020 99887
40000 83074
97547 80205
39610 12354
92413 53028
21013 86113
73114 99057
81901 39374
30696 86907
75927 45949
23321 30399
28084 90785
77689 56976
28246 51415
80932 16713
58058 25085
83740 18054
27609 27283
21342 32088
50869 78355
36397 68965
52008 21152
55128 30580
39949 97747
11943 87080
4581 98551
28450 27634
4346 74382
42147 57101
51354 10962
84313 90909
94747 28974
44545 14316
75071 72855
37148 41426
57734 94537
27068 78496
26432 91227
35151 67681
48393 88732
7112 98485
68360 42191
76933 13990
147 44798
95373 73970
59748 94189
41793 66230
25647 97228
53465 89862
46362 27023
90563 54846
38875 99703
59268 18992
28341 67103
47852 61917
18203 27173
12286 53097
50195 88965
68466 66603
55742 71410
72178 33474
38832 69580
82696 58816
81340 21129
16441 32419
83404 83078
96818 22152
68731 15861
10135 84960
87044 52647
90661 27105
78944 66799
59591 47918
40561 40687
93278 70
45348 81376
42599 17000
40213 63675
59140 12604
65495 88359
5795 95776
4884 45467
34015 27540
46793 40276
60506 26817
27740 62267
48005 1380
75529 74908
88176 40475
51960 51680
85322 97106
40869 55203
81289 59119
92221 48882
98988 47404
14773 88522
13185 35326
41742 87027
30859 90478
433 67962
86 68497
90911 75093
48463 25474
82001 55556
58349 68242
92258 44599
38541 39151
10939 72990
3181 83068
20829 74464
70317 98914
97040 2919
19673 54199
5295 92045
64863 91371
49880 82553
64899 21973
67350 26933
18809 96381
75571 66701
32898 54692
11597 57333
40803 53473
26561 24886
47732 68679
21454 86086
2556 53318
7222 99567
99696 20076
89923 16931
28733 59383
65907 97082
42752 6196
61499 49244
12793 33294
84726 6263
88938 87523
41389 13603
39019 98204
13930 88168
26800 68312
83516 97693
99702 46917
33587 92312
50548 30732
90152 6893
1594
5522 15506
3433 30308
22077 12784
11951 18788
12980 6430
22581 7155
17693 7441
25953 7385
10809 31901
13779 18465
15312 8909
2830 15297
2119 37970
3814 375
15863 3437
5997 37538
19457 11238
12736 9365
1105 9738
5294 38961
3164 19203
215 2289
3612 5460
18456 12300
568 13831
8344 8811
10145 4625
22674 20
11105 27423
23764 12868
13615 22990
2665 10973
16100 15513
6889 17996
6958 2339
8176 32609
23759 2785
12175 3230
5288 24554
21043 5197
22398 13206
7825 17437
10539 31087
889 16904
11285 25000
1245 7838
28075 9258
18104 18508
9086 3296
13528 8174
16325 21995
10460 4715
9463 13809
5963 32538
1900 11907
3434 23872
18229 747
18327 14959
7058 11546
16724 579
4908 13135
1334 42818
1286 5245
10705 25686
18152 8236
2779 12749
29664 5330
12409 8333
11817 29433
6446 20648
338 35692
7004 24644
13055 9900
4443 37468
4854 25090
17609 14054
14618 25858
4053 1982
9455 667
5758 38624
18025 16487
10103 9239
29548 5085
6617 35817
4133 8778
16244 21654
7081 5086
25985 11997
14797 12881
7884 27881
28237 5596
391 11196
14394 4017
5780 20018
1500 22010
6727 21763
16408 24937
563 6055
14216 26409
20549 10032
17417 3366
19866 5211
17442 23864
21215 8871
11020 3688
23065 17329
520 36398
26888 8120
26450 7296
18139 11086
6306 34937
3047 15875
17064 10659
19864 10622
4121 20615
18959 20988
20636 121
3855 37510
9976 4920
7714 26006
31688 3500
15140 18264
10977 29748
19728 13760
6574 9029
3374 16976
1533 21168
7650 13486
18450 16253
7669 33494
1044 9057
5327 8409
22841 12944
7787 23326
12893 22294
8642 19045
22771 17651
7864 27429
23307 10233
9178 17070
17285 21483
1909 17729
3707 13237
22526 8099
22688 16317
19014 15957
13346 5118
4780 13263
30740 2228
3666 37389
21465 11281
21392 5123
3352 27943
10346 24860
29893 1721
1826 18801
29509 8411
1054 34897
7133 14530
10556 34934
11180 20264
18134 23560
20303 17131
15463 11221
23551 9782
3600 32347
10083 18750
10685 6601
13571 25260
22585 1878
6330 7115
10106 15208
1306 38004
3365 29180
17232 16392
14611 22050
3642 33495
10815 18660
4480 15058
6654 6630
4582 31514
19855 5993
2972 25175
12327 23208
23414 7898
12011 14603
10302 7058
27688 8707
11053 27471
328 36250
27514 3559
690 15796
4818 3510
5527 22447
7144 25958
6390 9784
145 29645
3086 5028
10544 28986
3182 12796
20208 13656
3867 26763
2126 1862
12405 32411
17264 20589
2506 26553
22145 3078
7122 31750
23008 11340
6396 9434
9788 12042
16395 14037
15049 13026
5016 16313
30199 1874
8535 10489
15180 28966
5884 7908
24306 4751
3692 39249
2220 31680
16583 24836
4111 2204
17400 12700
5145 29234
16720 9678
28225 6492
19157 12719
15041 7385
14296 29285
16360 19579
22426 10284
2772 29532
14483 27670
16393 20096
19760 11651
7159 3363
16170 10427
16769 12841
7631 20395
24649 4401
193 18010
1730 38537
16999 15807
12322 17333
1090 24958
4816 31318
21511 19570
17556 12576
10483 14666
11125 18320
20055 1380
17807 18032
23142 17736
7437 1497
13355 5309
576 25882
14937 23410
21627 557
24188 2763
13573 16405
19613 14790
15476 10081
1510 10069
21201 20198
4582 16732
17226 17973
15491 1341
25553 7164
10801 28246
16314 22273
5641 24199
10481 19724
29768 4466
22021 18217
20298 21762
258 28148
11257 17053
23030 6732
21419 18068
11794 22195
11662 26506
18701 6868
7854 25978
3133 39226
10070 9573
12641 29546
2888 5129
158 6202
14082 25599
27615 5390
15936 17409
8198 6934
20594 600
12006 18341
9368 30023
21136 10574
7797 2992
13343 9187
8574 36587
10377 16166
3913 2235
12083 6082
14249 22867
14903 22237
4150 40348
24485 15900
7906 16222
14884 19329
21545 11184
17422 24244
10349 27728
18304 3017
11128 19342
8390 11886
19342 1519
16934 26017
1321 35262
17600 21524
3387 3169
4385 19467
26641 12117
20704 18932
5924 35916
16610 5397
28000 10823
20651 12954
16291 9964
13508 649
8489 10571
30975 5222
20689 12171
11422 14136
270 11976
19001 12568
27606 1485
1483 19469
23165 13996
5083 17648
11287 1152
30672 3641
10815 27403
28576 6775
13874 3158
129 43225
3838 25816
4936 25353
3359 40741
18977 515
3783 38084
2608 35498
1263 16050
11016 4677
10179 14239
4633 16480
22170 14217
10714 14361
402 24081
8496 27018
532 25059
2336 31459
5275 36060
3679 13224
16741 11950
6035 255
1388 6998
15166 7208
9107 9953
16457 3240
17781 7372
7940 1842
22199 7134
23285 8784
8374 20352
18530 7145
29528 8647
18898 19257
10798 22279
8719 25652
14065 3120
19764 6962
7345 9888
2397 12873
11133 33189
5646 679
10736 22089
14977 18719
1607 26656
11058 7142
16404 3256
486 35669
23213 10500
29397 3874
24935 802
3930 20501
13097 29471
8684 5960
1141 38895
3119 14739
20111 10700
5793 29492
15418 8733
6817 3065
7297 8269
7034 25777
16607 11147
10473 32314
19946 3027
28404 6848
4258 38019
5218 16349
13839 8702
619 16262
28998 4902
5510 534
28781 9614
1777 40196
2503 493
14743 9232
2109 14501
26208 10833
9316 487
14447 12356
23806 16752
17519 11833
22101 302
10494 7999
7875 9506
1592 25118
12816 3300
12239 6516
22245 10173
28682 6383
22739 249
8125 36598
11282 12482
1600 28658
15908 11454
12883 14018
19179 11586
12613 14310
11096 17498
554 38309
1165 25067
8553 22829
2159 30751
32426 4890
7311 6250
813 40378
3859 30865
994 13472
10537 976
14915 24083
1585 7811
10924 30352
7618 2334
16403 13864
13275 6810
14051 9818
22965 3623
7814 31907
24778 7087
23972 13938
15546 18084
3030 40555
655 31894
29465 7737
16028 16232
2481 20322
26478 274
8930 15211
2735 29643
16449 10121
5125 7398
1821 9852
5491 36371
26634 2577
5716 30435
3795 25372
888 14756
13967 1241
1573 19192
8723 22754
25623 9261
789 38393
10202 17671
7131 22006
14829 20205
17539 2919
8587 24733
27326 2660
8952 7909
6996 25435
10118 19499
24400 15794
19197 9370
23580 11211
14228 28565
4133 35175
7717 24230
14043 3021
10365 7375
1163 29563
8617 34420
8217 36312
27233 45
23032 4031
29945 6582
14472 9155
5677 9445
724 1590
8290 28946
20244 1789
28773 6464
189 39588
12172 29985
11546 24218
8186 31396
12575 26333
31202 593
13314 18181
17329 18563
24381 1800
9626 17390
11444 10619
13160 16084
4495 25167
14678 16520
9546 31317
10053 20706
5910 29029
13170 2152
1460 8180
3249 138
6970 6682
17795 21562
5080 30288
808 12637
14641 5593
29021 8410
32167 1539
3315 18130
3978 12560
1677 38292
19211 8490
24656 10420
278 34650
2548 17160
8963 2332
23138 10649
21936 13316
11312 22788
27662 295
31095 2610
633 27725
19484 2339
26829 11480
24240 9201
17708 7836
20770 20509
5599 9206
6349 25939
17191 2448
19113 21970
7856 2872
11202 1220
19493 6451
10400 7658
10901 11983
9751 23551
3829 13568
28356 5095
15768 9233
24394 5426
471 28310
8381 25403
13065 23565
19876 5044
22727 10694
8170 29559
10216 22821
4267 12654
14314 6610
9988 25497
23063 2552
5269 34405
22424 10784
12992 30872
4975 28178
35076 877
25812 3075
6161 23994
16602 20975
2908 1285
2119 17696
2269 14475
18214 7980
6131 3898
24246 10437
4663 8227
15843 7785
29739 529
11660 25744
359 18097
14356 30072
3549 21154
5738 15176
17873 25198
7536 36496
716 15208
24598 15739
15666 7408
29282 3264
2819 21792
19594 18408
5812 6990
14207 9365
8114 14564
12443 23517
19088 4777
16191 4703
26496 11852
982 1583
443 43219
8216 29840
2838 26469
30843 1415
1055 39223
17134 18036
19235 22526
17109 10052
160 5352
7706 27503
11321 4956
19210 2017
32156 1156
7616 24586
20829 17308
1604 9346
22131 4247
25588 4365
15483 5886
22093 8631
7111 31785
7950 25672
17410 7635
5494 22632
18203 22150
26478 4847
15989 5183
25925 8216
15651 14687
7138 320
16906 11504
7967 4221
12455 28111
28675 4189
32711 3378
31126 5420
22844 10615
14477 11743
794 18926
14050 3282
4743 6646
1030 39404
6936 9299
27491 10792
9541 7541
23222 14817
20806 11904
11573 16545
18716 18911
11447 1348
823 36503
3671 29897
14993 11530
11219 16532
13123 3436
630 14013
9494 28986
24308 7216
20519 6426
28648 10127
19899 4114
24250 2887
13602 988
5081 558
517 16772
18079 22225
28353 5712
12052 27178
4731 18165
17720 3283
18243 18815
12401 3757
1730 32964
2207 36376
13759 6969
11546 32930
17402 13671
12107 6794
9240 18596
2358 16007
3606 36861
9729 18698
18757 1614
16238 25676
5153 34649
19659 8356
4828 22193
18578 6239
4529 22027
17084 17673
6778 16707
7222 37253
15453 23174
4713 32211
8570 30129
13268 26829
11939 16083
10351 21564
7172 5643
15341 2324
30429 6426
20276 10086
3224 1432
24507 15498
3220 24190
1575 16905
15504 344
1251 21247
5308 8633
22885 7205
4382 1754
11901 27317
7137 13572
19012 954
467 36285
19042 17607
393 29681
28426 5636
5386 9675
475 2757
453 26040
8785 23139
22784 10698
5907 3634
6975 4324
6380 30133
14655 2243
22841 9019
3736 14313
6007 30494
11949 33472
7611 20946
25825 11286
17270 8525
12543 18926
16585 14227
6335 11506
4222 6226
9868 11971
7360 13487
20242 7960
2051 25980
12329 15588
12100 24056
5000 19216
2942 17211
6764 22108
558 13325
19495 5151
25772 12593
8180 29902
13812 20792
9512 17576
16730 4163
9956 29667
3733 26110
9406 3970
2804 3231
11608 11450
23730 3922
1754 11980
2848 18986
21892 6707
2696 8309
19691 11075
2570 9229
10243 7024
12772 15260
19830 2931
7576 19517
513 29388
29352 1684
3245 21073
7281 9646
21291 17263
8872 29063
2185 35863
20213 6634
904 1439
20349 12488
19612 17615
10464 28094
892 43179
16248 13313
12837 10517
18180 3859
15542 19217
5100 10566
8908 12366
25824 12354
22640 9393
5560 6044
5812 5154
10406 24058
14521 17341
7662 6110
16870 12201
25887 13031
34035 1982
19108 18041
3267 8398
24161 14986
16964 26502
29543 7599
22954 15355
10182 7433
10334 16121
22661 13988
182 7039
10265 12044
19161 8497
28086 369
6174 30408
24082 9112
3592 22931
29332 4348
13967 18323
14363 21026
5553 34899
20302 16191
20047 4940
18562 10945
6809 17119
4582 30345
5863 36126
19892 744
13726 25801
7241 37661
21628 18680
9551 28745
22103 1782
26111 3632
27401 5838
7965 23655
16534 20450
12319 16128
18633 4856
1568 11944
23961 2063
30455 2218
33369 2928
8021 30866
11320 30822
742 34175
33109 30
6661 12917
412 10704
27443 8544
1692 15052
20612 4142
17363 22938
27375 10482
1183 14684
3314 3207
27319 7921
17 18125
23484 3490
20847 132
9430 34781
17991 3466
2507 25919
12670 18957
21201 8844
11879 27580
7233 13326
16678 350
2828 25464
18146 21648
19130 13857
1390 38528
25059 2377
3676 7805
18238 3321
20479 6476
32208 1871
18209 18451
13653 5552
12613 3193
17788 10357
20010 7955
2553 27080
17401 11266
9647 7395
11933 8822
17305 23253
17068 10416
28232 3438
4278 15389
1535 10696
5478 35766
10920 530
20215 15420
23612 9354
7076 20952
13153 15914
17445 24058
23806 4362
14762 26745
28932 3054
17671 12486
18236 15278
27769 8856
17016 18466
651 16182
30162 5471
24777 10481
11756 1728
28353 7217
18739 18237
24486 10404
158 8007
4313 4604
2335 20877
22394 498
17882 23711
7957 19124
3736 21960
12551 20101
21289 8440
15589 5538
4420 4528
1451 20616
7226 6470
14443 890
1876 33261
12697 11388
22344 4091
30068 6670
8277 16481
24838 14270
25867 11895
10398 11180
2313 20864
11011 5998
19805 13756
29672 8130
25877 3575
4893 21268
1710 34441
13899 7813
348 5390
11370 28987
15860 12717
10382 6956
18548 17571
2493 15429
11121 15428
13201 26693
20327 10602
5588 23247
1418 2195
3846 14812
27165 11247
24900 5017
12245 28961
18404 15502
7350 26110
6929 29972
14380 22017
20180 12806
1816 26789
14181 28235
5026 24863
1957 35168
13303 12744
13079 6264
10401 6189
14055 26949
7308 27983
26146 9740
8543 23983
27737 9282
7782 6947
1252 48
29861 1997
5074 5669
6873 20465
30878 1767
22171 14003
7080 18995
6956 1731
22354 18905
2682 4841
19721 595
10535 12577
10792 14366
7381 8670
12742 24241
361 10898
3059 25272
28428 1286
2043 16623
12816 22585
21169 1960
19840 7013
15453 11367
16813 20441
22221 14088
561 31763
12866 16147
14772 20561
12042 703
19558 5106
14932 16500
25843 2353
12105 6925
10473 20384
10328 18194
20503 3644
11464 26677
26347 3091
7017 27055
27462 7467
19538 21468
27150 2404
1200 20521
9524 11811
9233 17442
22702 2479
6897 9498
27179 12343
17948 9962
33151 1896
19346 15201
19514 2628
13594 14922
4432 990
27641 2774
4061 13206
20111 12542
10621 6696
32144 65
2715 10296
21685 5297
5787 20679
1420 9621
5943 34174
24342 9525
12315 19231
7576 25544
18282 16365
5765 14282
22692 1945
8126 1992
19642 5111
34232 703
23490 16504
19434 1419
18507 18217
2148 3183
1592 6873
5744 212
16387 10046
14536 21729
12370 13714
7525 28691
20384 439
23105 5928
17891 20412
30703 5239
1130 14823
2486 20185
5457 22322
5327 32689
12437 27876
20485 8579
1079 33494
26029 5583
32532 2492
27101 1782
31799 2886
32902 3197
14988 18912
6522 12744
6643 37611
3134 21699
5864 27025
21482 5081
8000 2292
12943 1123
3114 13477
2592 2976
4634 18411
11109 24904
14241 26955
2996 26779
10781 12283
28462 748
30944 3778
19404 9955
20980 6184
17570 10671
13165 4521
14427 2923
224 41707
3473 11920
8556 26845
5867 16266
10023 15603
15069 25190
9614 15791
4576 15286
8497 4429
4910 1627
13877 20310
12073 16182
26551 1169
2406 13896
2011 5887
1901 69
5070 37991
9286 24448
5835 28886
15906 24128
3443 4605
12784 24133
29342 2439
21091 6199
28880 5040
20129 18857
11545 8954
2887 22942
6786 11486
26242 9299
13476 10025
17666 8209
6199 12996
13767 2621
6277 1020
15823 2273
3464 1758
16226 6524
13702 9785
14759 19065
54 41774
5799 35285
9156 10962
14971 19782
9956 10206
11562 7846
21068 13831
5692 12677
2729 4516
30684 6777
12850 118
5046 2751
28474 4574
1562 22915
1838 17504
9797 25637
8909 28837
11743 17841
23265 5523
17594 7517
22195 4895
8675 35601
8195 19267
10980 12817
6923 27033
10241 20177
7301 13597
3160 4630
15129 23100
26652 6657
3373 20446
31469 3507
3276 37397
7785 21807
11700 13578
25894 14140
15650 25951
21334 15200
29246 271
529 17814
20966 18751
2504 25682
25123 5421
4793 16560
7230 19019
25507 14341
22623 9403
13516 7515
6450 27162
12949 29776
22128 10875
22462 275
24659 3047
12154 11048
6874 6036
24744 15180
4593 30216
17216 22589
34814 1010
11207 10899
2422 41314
235 12537
30904 3525
11165 3117
6320 36008
12546 30829
18793 4067
48 11760
15056 11773
30648 5760
10726 28263
1443 835
6634 27333
9987 26247
25730 1055
4659 6060
19272 12895
28844 8578
33136 3185
16973 10085
5429 20944
5378 26008
7600 1853
15459 17961
12045 24652
25323 13515
17802 3508
9400 19228
1280 8278
31762 4720
21185 20176
8035 4933
13469 15203
4413 32951
10373 2812
14990 27334
15461 13129
9812 17222
19437 1102
5288 36530
2962 5905
23733 7307
6700 30863
1580 27753
8687 25234
13611 24573
4182 25330
11704 6183
16529 19428
11017 34016
18496 20956
28202 5390
13159 20869
15868 3261
22381 10917
1947 27779
27445 11403
14041 28534
1575 10797
2265 9969
4911 34718
28565 1700
24764 9526
5336 15295
1384 14976
2485 23629
17197 23236
30905 3631
22231 5003
3985 17929
21532 9024
12091 25105
1970 31624
4587 24137
20082 21366
16597 342
16850 20167
1061 23710
1837 20128
21520 10464
17628 12616
14947 18730
21665 8627
716 33723
9528 34450
12183 25828
409 8603
11027 28408
15316 9924
14423 7497
2730 26183
30261 3069
2829 20665
11527 12311
30839 4508
24354 347
21530 20066
8233 11763
25378 13103
19392 9507
8307 8561
5210 543
2499 4051
22763 14563
15887 27556
11089 21305
10383 31806
19459 10116
18196 3155
4269 35821
10298 4219
21575 12152
16236 2349
23422 14315
5385 5790
1734 6942
9288 24189
2783 28955
19379 580
21329 14415
5991 11774
1905 28105
12045 15641
2553 35507
23605 12974
7446 37527
5077 22602
22523 1686
8797 22436
7900 11333
23582 8568
1585 33002
29066 7297
2229 30235
25451 4806
8993 5030
23299 16224
10005 6510
14168 26626
13977 18838
11970 12839
21134 5509
28916 5963
21865 16421
21463 5385
4664 38507
957 21771
28420 3391
18149 22011
22435 7212
26529 9189
24397 12329
12723 28822
4096 39088
25525 11182
19240 2460
9432 23894
9310 3214
3681 1169
17602 17601
11890 10993
24858 11100
4589 33084
26561 6047
26347 5441
2920 34594
29547 5517
6710 4680
6301 36587
6375 3955
5368 20130
6210 6496
17 241
18010 21312
15978 24948
2404 29776
16020 7989
8534 19186
1786 41453
19867 6190
25269 13939
1985 19033
1353 8463
17540 13448
10852 5663
18186 22637
19152 2981
21531 11589
7644 21120
24567 14199
14812 29101
25857 942
26190 4224
12179 25947
5562 25729
14342 22249
7207 20149
1956 28911
10083 24865
9270 14407
8192 34376
11220 12567
11852 9904
4266 34943
9821 11560
4938 38436
250 4050
29382 5047
7767 26502
25173 6705
13422 28350
10533 20264
22923 16725
11392 11279
3549 33288
4448 39585
17601 19542
8798 20849
7821 30606
2261 12095
3580 38929
19000 17433
25394 4575
19791 17949
6319 29761
821 1694
13376 30238
15941 1252
23223 12039
12539 20073
3425 13120
8018 33342
12245 28189
3228 17780
16937 1563
594 17691
19584 18550
13722 26916
11469 20967
27548 9342
5016 33781
1760 37371
21007 11521
11376 22395
24577 11135
14826 26494
7747 32149
2829 5089
18208 23050
22144 11393
31576 315
18604 3186
10553 32881
7924 27062
3877 9863
16196 11843
15546 22121
4833 10101
6717 4743
29485 4856
20807 7338
3951 30444
23627 5037
10423 15789
11197 30135
27588 8504
13873 13963
4019 39705
10982 24269
14190 1651
31219 3404
3368 6711
26645 7388
8782 15208
15315 7075
5815 936
2630 25834
10985 8477
23721 6873
2779 39547
13261 11295
21134 1217
3270 27413
16226 3426
4322 30286
13032 9588
2088 7839
26986 11063
24289 7874
303 38457
16617 23719
20431 15338
15990 16131
12743 7406
23974 4973
5013 1156
10615 3242
12075 19394
8791 23971
16918 22541
9591 5863
18042 15021
22326 13298
14838 2544
9478 31350
13766 26371
219 26689
5886 572
2671 40667
18101 21762
34467 85
20181 10684
14913 22887
25950 11020
783 7744
8753 11059
31178 6549
28053 839
22869 400
20040 12075
20348 17863
10619 23422
19207 21072
130 5220
14687 8822
7375 35334
4170 10991
554 42643
589 30459
7227 9303
32059 3106
8918 16822
5004 4644
16620 2712
506 3036
5937 19462
2292 28772
18043 23641
6414 2563
25029 13061
13939 8307
26122 4237
7364 1201
2588 13147
13123 7231
6423 4046
11347 13115
2639 568
5865 18399
19777 19937
4378 12788
8683 30770
2340 36666
9242 28246
1881 53
14004 18816
22914 6772
5968 28162
11104 18198
1162 37623
16908 2671
22603 14123
2095 8616
10209 13446
2276 12303
8037 33298
5703 11633
21540 13008
15699 16807
24103 9419
5602 2055
12770 17957
18208 14807
15716 21476
7137 14174
14175 24367
719 10510
